Id,Position,First Name,Nickname,Last Name,FPPG,Played,Salary,Game,Team,Opponent,Injury Indicator,Injury Details,Tier,Probable Pitcher,Batting Order,Roster Position
100355-162445,P,Spencer,Spencer Strider,Strider,42.05882352941177,35.0,11000,ATL@PHI,ATL,PHI,,,0.0,Yes,0.0,P
100355-38000,P,Kevin,Kevin Gausman,Gausman,38.78125,32.0,10800,TOR@TB,TOR,TB,,,0.0,,0.0,P
100355-82604,P,Corbin,Corbin Burnes,Burnes,33.72727272727273,33.0,10200,LAA@BAL,BAL,LAA,,,0.0,Yes,0.0,P
100355-119340,P,Tarik,Tarik Skubal,Skubal,35.6,15.0,10100,DET@CWS,DET,CWS,,,0.0,Yes,0.0,P
100355-16956,P,Gerrit,Gerrit Cole,Cole,39.27272727272727,33.0,10000,NYY@HOU,NYY,HOU,O,Elbow,0.0,,0.0,P
100355-52183,P,Tyler,Tyler Glasnow,Glasnow,18.0,1.0,10000,STL@LAD,LAD,STL,,,0.0,Yes,0.0,P
100355-198625,P,Yoshinobu,Yoshinobu Yamamoto,Yamamoto,-6.0,1.0,10000,STL@LAD,LAD,STL,,,0.0,,0.0,P
100355-16960,P,Zack,Zack Wheeler,Wheeler,36.4054054054054,37.0,9900,ATL@PHI,PHI,ATL,,,0.0,Yes,0.0,P
100355-82550,P,Hunter,Hunter Greene,Greene,30.181818181818183,22.0,9900,WSH@CIN,CIN,WSH,,,0.0,,0.0,P
100355-60647,P,Aaron,Aaron Nola,Nola,32.69444444444444,36.0,9900,ATL@PHI,PHI,ATL,,,0.0,,0.0,P
100355-83152,P,Pablo,Pablo Lopez,Lopez,37.47058823529412,34.0,9700,MIN@KC,MIN,KC,,,0.0,Yes,0.0,P
100355-60639,P,Jose,Jose Berrios,Berrios,31.424242424242426,33.0,9600,TOR@TB,TOR,TB,,,0.0,Yes,0.0,P
100355-79091,P,Dylan,Dylan Cease,Cease,30.09090909090909,33.0,9600,SF@SD,SD,SF,,,0.0,,0.0,P
100355-102335,P,Cristian,Cristian Javier,Javier,26.08823529411765,34.0,9600,NYY@HOU,HOU,NYY,,,0.0,,0.0,P
100355-101839,P,Logan,Logan Webb,Webb,35.09090909090909,33.0,9500,SF@SD,SF,SD,,,0.0,Yes,0.0,P
100355-163700,P,Kyle,Kyle Bradish,Bradish,33.225806451612904,32.0,9500,LAA@BAL,BAL,LAA,O,Elbow,0.0,,0.0,P
100355-52185,P,Max,Max Fried,Fried,33.0,15.0,9400,ATL@PHI,ATL,PHI,,,0.0,,0.0,P
100355-5466,P,Charlie,Charlie Morton,Morton,32.43333333333333,31.0,9400,ATL@PHI,ATL,PHI,,,0.0,,0.0,P
100355-146687,P,Hunter,Hunter Brown,Brown,25.142857142857142,35.0,9300,NYY@HOU,HOU,NYY,,,0.0,,0.0,P
100355-79217,P,Mitch,Mitch Keller,Keller,34.0625,32.0,9300,PIT@MIA,PIT,MIA,,,0.0,Yes,0.0,P
100355-16931,P,Yu,Yu Darvish,Darvish,20.0,1.0,9200,SF@SD,SD,SF,,,0.0,Yes,0.0,P
100355-119430,P,Joe,Joe Ryan,Ryan,32.03333333333333,31.0,9200,MIN@KC,MIN,KC,,,0.0,,0.0,P
100355-68523,P,Joe,Joe Musgrove,Musgrove,-1.0,1.0,9200,SF@SD,SD,SF,,,0.0,,0.0,P
100355-79280,P,Jesus,Jesus Luzardo,Luzardo,33.121212121212125,34.0,9100,PIT@MIA,MIA,PIT,,,0.0,Yes,0.0,P
100355-102294,P,Grayson,Grayson Rodriguez,Rodriguez,26.75,24.0,9100,LAA@BAL,BAL,LAA,,,0.0,,0.0,P
100355-102407,P,Shane,Shane McClanahan,McClanahan,33.142857142857146,21.0,9000,TOR@TB,TB,TOR,IL,Elbow,0.0,,0.0,P
100355-12477,P,Chris,Chris Sale,Sale,29.8,21.0,9000,ATL@PHI,ATL,PHI,,,0.0,,0.0,P
100355-5202,P,Justin,Justin Verlander,Verlander,32.4,31.0,9000,NYY@HOU,HOU,NYY,O,Shoulder,0.0,,0.0,P
100355-5427,P,Clayton,Clayton Kershaw,Kershaw,32.12,25.0,9000,STL@LAD,LAD,STL,IL,Shoulder,0.0,,0.0,P
100355-85599,P,Framber,Framber Valdez,Valdez,34.38235294117647,34.0,9000,NYY@HOU,HOU,NYY,,,0.0,Yes,0.0,P
100355-53067,P,Chris,Chris Bassitt,Bassitt,33.27272727272727,33.0,9000,TOR@TB,TOR,TB,,,0.0,,0.0,P
100355-79270,P,Cole,Cole Ragans,Ragans,20.20689655172414,29.0,8800,MIN@KC,KC,MIN,,,0.0,Yes,0.0,P
100355-165599,P,Eury,Eury Perez,Perez,29.26315789473684,19.0,8800,PIT@MIA,MIA,PIT,O,Elbow,0.0,,0.0,P
100355-145612,P,Bailey,Bailey Ober,Ober,28.892857142857142,28.0,8700,MIN@KC,MIN,KC,,,0.0,,0.0,P
100355-117232,P,Michael,Michael King,King,22.0,1.0,8600,SF@SD,SD,SF,,,0.0,,0.0,P
100355-102447,P,Dean,Dean Kremer,Kremer,26.454545454545453,34.0,8500,LAA@BAL,BAL,LAA,,,0.0,,0.0,P
100355-82594,P,Dustin,Dustin May,May,27.11111111111111,9.0,8500,STL@LAD,LAD,STL,IL,Elbow,0.0,,0.0,P
100355-68482,P,Zach,Zach Eflin,Eflin,33.03125,33.0,8500,TOR@TB,TB,TOR,,,0.0,Yes,0.0,P
100355-83157,P,Ranger,Ranger Suarez,Suarez,28.192307692307693,26.0,8500,ATL@PHI,PHI,ATL,,,0.0,,0.0,P
100355-85476,P,Jeffrey,Jeffrey Springs,Springs,45.66666666666666,4.0,8500,TOR@TB,TB,TOR,IL,Elbow,0.0,,0.0,P
100355-181805,P,J.P.,J.P. France,France,25.346153846153847,26.0,8500,NYY@HOU,HOU,NYY,,,0.0,,0.0,P
100355-102001,P,Yusei,Yusei Kikuchi,Kikuchi,28.303030303030305,33.0,8500,TOR@TB,TOR,TB,,,0.0,,0.0,P
100355-53029,P,Robbie,Robbie Ray,Ray,10.0,1.0,8500,SF@SD,SF,SD,IL,Elbow,0.0,,0.0,P
100355-145922,P,Tyler,Tyler Wells,Wells,23.428571428571427,29.0,8400,LAA@BAL,BAL,LAA,,,0.0,,0.0,P
100355-82599,P,Edward,Edward Cabrera,Cabrera,25.727272727272727,23.0,8400,PIT@MIA,MIA,PIT,O,Shoulder,0.0,,0.0,P
100355-146664,P,Bryce,Bryce Elder,Elder,25.75,32.0,8300,ATL@PHI,ATL,PHI,,,0.0,,0.0,P
100355-165512,P,Andrew,Andrew Abbott,Abbott,30.047619047619047,21.0,8300,WSH@CIN,CIN,WSH,,,0.0,,0.0,P
100355-82607,P,Trevor,Trevor Rogers,Rogers,24.25,5.0,8200,PIT@MIA,MIA,PIT,,,0.0,,0.0,P
100355-79246,P,Jack,Jack Flaherty,Flaherty,24.1,30.0,8200,DET@CWS,DET,CWS,,,0.0,,0.0,P
100355-39041,P,Marcus,Marcus Stroman,Stroman,26.185185185185187,27.0,8100,NYY@HOU,NYY,HOU,,,0.0,,0.0,P
100355-82557,P,Aaron,Aaron Civale,Civale,28.0,23.0,8100,TOR@TB,TB,TOR,,,0.0,,0.0,P
100355-60633,P,Carlos,Carlos Rodon,Rodon,20.615384615384617,14.0,8100,NYY@HOU,NYY,HOU,,,0.0,,0.0,P
100355-165508,P,Graham,Graham Ashcraft,Ashcraft,24.65384615384616,26.0,8100,WSH@CIN,CIN,WSH,,,0.0,,0.0,P
100355-135212,P,Luis,Luis Garcia,Garcia,31.6,6.0,8000,NYY@HOU,HOU,NYY,O,Elbow,0.0,,0.0,P
100355-110822,P,Jose,Jose Urquidy,Urquidy,14.789473684210526,19.0,8000,NYY@HOU,HOU,NYY,O,Forearm,0.0,,0.0,P
100355-135648,P,Bobby,Bobby Miller,Miller,29.347826086956523,23.0,8000,STL@LAD,LAD,STL,,,0.0,,0.0,P
100355-119361,P,Drew,Drew Rasmussen,Rasmussen,34.0,9.0,8000,TOR@TB,TB,TOR,IL,Elbow,0.0,,0.0,P
100355-119441,P,Alek,Alek Manoah,Manoah,19.05263157894737,19.0,8000,TOR@TB,TOR,TB,O,Shoulder,0.0,,0.0,P
100355-17064,P,Sonny,Sonny Gray,Gray,32.44117647058823,35.0,8000,STL@LAD,STL,LAD,O,Hamstring,0.0,,0.0,P
100355-13123,P,Alex,Alex Cobb,Cobb,26.357142857142858,29.0,8000,SF@SD,SF,SD,O,Hip,0.0,,0.0,P
100355-97300,P,John,John Means,Means,23.5,4.0,8000,LAA@BAL,BAL,LAA,O,Elbow,0.0,,0.0,P
100355-11354,P,Lance,Lance Lynn,Lynn,27.33333333333333,33.0,8000,STL@LAD,STL,LAD,,,0.0,,0.0,P
100355-79161,P,Braxton,Braxton Garrett,Garrett,27.0,33.0,8000,PIT@MIA,MIA,PIT,O,Shoulder,0.0,,0.0,P
100355-82775,P,Nestor,Nestor Cortes,Cortes,27.33333333333333,13.0,7900,NYY@HOU,NYY,HOU,,,0.0,Yes,0.0,P
100355-68452,P,Kenta,Kenta Maeda,Maeda,25.73913043478261,24.0,7900,DET@CWS,DET,CWS,,,0.0,,0.0,P
100355-52174,P,Steven,Steven Matz,Matz,20.56,25.0,7900,STL@LAD,STL,LAD,,,0.0,,0.0,P
100355-79133,P,Matt,Matt Manning,Manning,22.466666666666665,16.0,7900,DET@CWS,DET,CWS,,,0.0,,0.0,P
100355-146733,P,Kyle,Kyle Harrison,Harrison,24.428571428571427,7.0,7900,SF@SD,SF,SD,,,0.0,,0.0,P
100355-118225,P,Cristopher,Cristopher Sanchez,Sanchez,26.25,20.0,7900,ATL@PHI,PHI,ATL,,,0.0,,0.0,P
100355-12936,P,Kyle,Kyle Gibson,Gibson,26.794117647058822,34.0,7800,STL@LAD,STL,LAD,,,0.0,,0.0,P
100355-79168,P,Walker,Walker Buehler,Buehler,0.0,0.0,7800,STL@LAD,LAD,STL,IL,Elbow,0.0,,0.0,P
100355-165551,P,Reese,Reese Olson,Olson,25.52380952380953,21.0,7800,DET@CWS,DET,CWS,,,0.0,,0.0,P
100355-135647,P,Ryan,Ryan Pepiot,Pepiot,28.25,8.0,7700,TOR@TB,TB,TOR,,,0.0,,0.0,P
100355-21097,P,Taijuan,Taijuan Walker,Walker,26.258064516129032,31.0,7700,ATL@PHI,PHI,ATL,O,Shoulder,0.0,,0.0,P
100355-37999,P,Michael,Michael Wacha,Wacha,31.791666666666668,24.0,7700,MIN@KC,KC,MIN,,,0.0,,0.0,P
100355-79072,P,Brad,Brad Keller,Keller,16.545454545454547,12.0,7700,DET@CWS,CWS,DET,,,0.0,,0.0,P
100355-71034,P,Seth,Seth Lugo,Lugo,30.807692307692307,26.0,7700,MIN@KC,KC,MIN,,,0.0,,0.0,P
100355-102344,P,Brady,Brady Singer,Singer,23.03448275862069,30.0,7700,MIN@KC,KC,MIN,,,0.0,,0.0,P
100355-102484,P,Brandon,Brandon Bielak,Bielak,24.133333333333333,15.0,7600,NYY@HOU,HOU,NYY,,,0.0,,0.0,P
100355-21098,P,James,James Paxton,Paxton,27.42105263157895,19.0,7600,STL@LAD,LAD,STL,,,0.0,,0.0,P
100355-83166,P,Zack,Zack Littell,Littell,14.517241379310343,29.0,7600,TOR@TB,TB,TOR,,,0.0,,0.0,P
100355-63781,P,Frankie,Frankie Montas,Montas,13.0,1.0,7500,WSH@CIN,CIN,WSH,,,0.0,Yes,0.0,P
100355-119329,P,Nick,Nick Lodolo,Lodolo,26.857142857142858,7.0,7500,WSH@CIN,CIN,WSH,O,Lower leg,0.0,,0.0,P
100355-82638,P,Jordan,Jordan Hicks,Hicks,5.984848484848484,66.0,7500,SF@SD,SF,SD,,,0.0,,0.0,P
100355-52159,P,Lance,Lance McCullers Jr.,McCullers Jr.,0.0,0.0,7500,NYY@HOU,HOU,NYY,O,Forearm,0.0,,0.0,P
100355-79224,P,Chris,Chris Paddack,Paddack,16.25,4.0,7500,MIN@KC,MIN,KC,,,0.0,,0.0,P
100355-82621,P,Clarke,Clarke Schmidt,Schmidt,22.78787878787879,34.0,7400,NYY@HOU,NYY,HOU,,,0.0,,0.0,P
100355-17121,P,Miles,Miles Mikolas,Mikolas,22.97142857142857,35.0,7400,STL@LAD,STL,LAD,,,0.0,Yes,0.0,P
100355-38246,P,Tyler,Tyler Anderson,Anderson,21.814814814814813,27.0,7400,LAA@BAL,LAA,BAL,,,0.0,,0.0,P
100355-79209,P,A.J.,A.J. Puk,Puk,6.389830508474576,60.0,7400,PIT@MIA,MIA,PIT,,,0.0,,0.0,P
100355-165698,P,Taj,Taj Bradley,Bradley,23.47826086956522,23.0,7400,TOR@TB,TB,TOR,O,Pectoral,0.0,,0.0,P
100355-135191,P,Josh,Josh Fleming,Fleming,13.416666666666666,13.0,7300,PIT@MIA,PIT,MIA,,,0.0,,0.0,P
100355-135229,P,Reid,Reid Detmers,Detmers,28.142857142857142,28.0,7300,LAA@BAL,LAA,BAL,,,0.0,,0.0,P
100355-102498,P,Patrick,Patrick Sandoval,Sandoval,24.785714285714285,28.0,7300,LAA@BAL,LAA,BAL,,,0.0,Yes,0.0,P
100355-82582,P,Griffin,Griffin Canning,Canning,28.70833333333333,24.0,7300,LAA@BAL,LAA,BAL,,,0.0,,0.0,P
100355-181660,P,Jhony,Jhony Brito,Brito,-5.0,1.0,7200,SF@SD,SD,SF,,,0.0,,0.0,P
100355-179456,P,Louie,Louie Varland,Varland,19.0,19.0,7100,MIN@KC,MIN,KC,,,0.0,,0.0,P
100355-102502,P,Josiah,Josiah Gray,Gray,26.366666666666667,31.0,7000,WSH@CIN,WSH,CIN,,,0.0,Yes,0.0,P
100355-170174,P,Chase,Chase Silseth,Silseth,17.75,16.0,7000,LAA@BAL,LAA,BAL,,,0.0,,0.0,P
100355-53607,P,Anthony,Anthony DeSclafani,DeSclafani,22.63157894736842,20.0,7000,MIN@KC,MIN,KC,O,Forearm,0.0,,0.0,P
100355-12929,P,Jordan,Jordan Lyles,Lyles,18.483870967741936,32.0,7000,MIN@KC,KC,MIN,,,0.0,,0.0,P
100355-82635,P,MacKenzie,MacKenzie Gore,Gore,27.22222222222222,28.0,7000,WSH@CIN,WSH,CIN,,,0.0,,0.0,P
100355-11328,P,Martin,Martin Perez,Perez,15.552631578947368,38.0,7000,PIT@MIA,PIT,MIA,,,0.0,,0.0,P
100355-13664,P,Patrick,Patrick Corbin,Corbin,22.5,32.0,7000,WSH@CIN,WSH,CIN,,,0.0,,0.0,P
100355-102342,P,Michael,Michael Grove,Grove,3.0,1.0,7000,STL@LAD,LAD,STL,,,0.0,,0.0,P
100355-52190,P,Marco,Marco Gonzales,Gonzales,20.5,10.0,6900,PIT@MIA,PIT,MIA,,,0.0,,0.0,P
100355-102684,P,Jake,Jake Irvin,Irvin,21.83333333333333,24.0,6800,WSH@CIN,WSH,CIN,,,0.0,,0.0,P
100355-53590,P,Nick,Nick Martinez,Martinez,9.14516129032258,63.0,6800,WSH@CIN,CIN,WSH,,,0.0,,0.0,P
100355-68561,P,Luke,Luke Weaver,Weaver,15.862068965517242,29.0,6800,NYY@HOU,NYY,HOU,,,0.0,,0.0,P
100355-181823,P,Keaton,Keaton Winn,Winn,20.0,9.0,6800,SF@SD,SF,SD,,,0.0,,0.0,P
100355-165638,P,Randy,Randy Vasquez,Vasquez,17.09090909090909,11.0,6800,SF@SD,SD,SF,,,0.0,,0.0,P
100355-102408,P,Matthew,Matthew Liberatore,Liberatore,10.954545454545457,22.0,6700,STL@LAD,STL,LAD,,,0.0,,0.0,P
100355-194697,P,Sawyer,Sawyer Gipson-Long,Gipson-Long,31.5,4.0,6700,DET@CWS,DET,CWS,O,Groin,0.0,,0.0,P
100355-68564,P,Erick,Erick Fedde,Fedde,0.0,0.0,6700,DET@CWS,CWS,DET,DTD,Quadriceps,0.0,,0.0,P
100355-79073,P,Michael,Michael Soroka,Soroka,18.714285714285715,7.0,6700,DET@CWS,CWS,DET,,,0.0,,0.0,P
100355-101836,P,Pedro,Pedro Avila,Avila,19.642857142857142,14.0,6700,SF@SD,SD,SF,,,0.0,,0.0,P
100355-179725,P,Luis,Luis Ortiz,Ortiz,18.944444444444443,18.0,6700,PIT@MIA,PIT,MIA,,,0.0,,0.0,P
100355-79390,P,Michael,Michael Kopech,Kopech,20.2,30.0,6700,DET@CWS,CWS,DET,,,0.0,,0.0,P
100355-163698,P,Bowden,Bowden Francis,Francis,9.95,20.0,6700,TOR@TB,TOR,TB,,,0.0,,0.0,P
100355-199224,P,Mason,Mason Black,Black,0.0,0.0,6500,SF@SD,SF,SD,,,0.0,,0.0,P
100355-119416,P,Brandon,Brandon Williamson,Williamson,23.0,23.0,6500,WSH@CIN,CIN,WSH,O,Shoulder,0.0,,0.0,P
100355-168872,P,Ronel,Ronel Blanco,Blanco,15.176470588235292,17.0,6500,NYY@HOU,HOU,NYY,,,0.0,,0.0,P
100355-60627,P,Touki,Touki Toussaint,Toussaint,20.2,20.0,6500,DET@CWS,CWS,DET,,,0.0,,0.0,P
100355-79079,P,Joey,Joey Wentz,Wentz,15.6,26.0,6500,DET@CWS,DET,CWS,,,0.0,,0.0,P
100355-185606,P,Gavin,Gavin Stone,Stone,9.0,8.0,6500,STL@LAD,LAD,STL,,,0.0,,0.0,P
100355-102333,P,Daniel,Daniel Lynch IV,Lynch IV,23.55555555555556,9.0,6500,MIN@KC,KC,MIN,,,0.0,,0.0,P
100355-82630,P,Shane,Shane Baz,Baz,0.0,0.0,6400,TOR@TB,TB,TOR,O,Elbow,0.0,,0.0,P
100355-81490,P,Chris,Chris Flexen,Flexen,10.862068965517242,29.0,6400,DET@CWS,CWS,DET,,,0.0,,0.0,P
100355-119409,P,Quinn,Quinn Priester,Priester,15.1,10.0,6300,PIT@MIA,PIT,MIA,,,0.0,,0.0,P
100355-82625,P,Sixto,Sixto Sanchez,Sanchez,0.0,0.0,6300,PIT@MIA,MIA,PIT,,,0.0,,0.0,P
100355-85269,P,Cole,Cole Irvin,Irvin,13.833333333333334,25.0,6300,LAA@BAL,BAL,LAA,,,0.0,,0.0,P
100355-187967,P,Emmet,Emmet Sheehan,Sheehan,23.142857142857142,14.0,6300,STL@LAD,LAD,STL,IL,Forearm,0.0,,0.0,P
100355-135231,P,Jared,Jared Shuster,Shuster,15.818181818181818,12.0,6200,DET@CWS,CWS,DET,,,0.0,,0.0,P
100355-119423,P,Zack,Zack Thompson,Thompson,14.0,25.0,6200,STL@LAD,STL,LAD,,,0.0,,0.0,P
100355-85253,P,Casey,Casey Mize,Mize,0.0,0.0,6200,DET@CWS,DET,CWS,,,0.0,,0.0,P
100355-146725,P,Jared,Jared Jones,Jones,0.0,0.0,6200,PIT@MIA,PIT,MIA,,,0.0,,0.0,P
100355-102394,P,Luis,Luis Patino,Patino,9.555555555555555,9.0,6200,SF@SD,SD,SF,IL,Elbow,0.0,,0.0,P
100355-188485,P,Matt,Matt Waldron,Waldron,20.875,8.0,6100,SF@SD,SD,SF,,,0.0,,0.0,P
100355-145625,P,Bailey,Bailey Falter,Falter,16.77777777777778,18.0,6100,PIT@MIA,PIT,MIA,,,0.0,,0.0,P
100355-102405,P,Sean,Sean Hjelle,Hjelle,8.6,15.0,6000,SF@SD,SF,SD,O,Elbow,0.0,,0.0,P
100355-65988,P,Zach,Zach Davies,Davies,16.38888888888889,18.0,6000,WSH@CIN,WSH,CIN,,,0.0,,0.0,P
100355-119391,P,Roansy,Roansy Contreras,Contreras,13.36842105263158,19.0,6000,PIT@MIA,PIT,MIA,,,0.0,,0.0,P
100355-12918,P,Julio,Julio Teheran,Teheran,21.285714285714285,14.0,6000,LAA@BAL,BAL,LAA,,,0.0,,0.0,P
100355-82573,P,Alex,Alex Faedo,Faedo,20.0,15.0,6000,DET@CWS,DET,CWS,,,0.0,,0.0,P
100355-68483,P,Trevor,Trevor Williams,Williams,18.5,31.0,6000,WSH@CIN,WSH,CIN,,,0.0,,0.0,P
100355-79226,P,Eric,Eric Lauer,Lauer,19.9,11.0,6000,PIT@MIA,PIT,MIA,,,0.0,,0.0,P
100355-101804,P,Huascar,Huascar Ynoa,Ynoa,0.0,0.0,6000,ATL@PHI,ATL,PHI,,,0.0,,0.0,P
100355-165573,P,Alec,Alec Marsh,Marsh,21.11764705882353,17.0,6000,MIN@KC,KC,MIN,,,0.0,,0.0,P
100355-165720,P,Ricky,Ricky Tiedemann,Tiedemann,0.0,0.0,6000,TOR@TB,TOR,TB,,,0.0,,0.0,P
100355-102446,P,Tristan,Tristan Beck,Beck,11.090909090909092,33.0,5900,SF@SD,SF,SD,IL,Arm,0.0,,0.0,P
100355-102536,P,Nick,Nick Nelson,Nelson,28.0,1.0,5900,ATL@PHI,PHI,ATL,,,0.0,,0.0,P
100355-198934,P,Yariel,Yariel Rodriguez,Rodriguez,0.0,0.0,5900,TOR@TB,TOR,TB,,,0.0,,0.0,P
100355-68518,P,Spencer,Spencer Turnbull,Turnbull,13.714285714285714,8.0,5900,ATL@PHI,PHI,ATL,,,0.0,,0.0,P
100355-161167,P,Glenn,Glenn Otto,Otto,4.833333333333333,6.0,5900,SF@SD,SD,SF,IL,Shoulder,0.0,,0.0,P
100355-101838,P,JT,JT Brubaker,Brubaker,0.0,0.0,5900,PIT@MIA,PIT,MIA,IL,Elbow,0.0,,0.0,P
100355-181845,P,Drew,Drew Rom,Rom,14.125,8.0,5900,STL@LAD,STL,LAD,DTD,Biceps,0.0,,0.0,P
100355-119449,P,Jackson,Jackson Rutledge,Rutledge,15.25,4.0,5800,WSH@CIN,WSH,CIN,,,0.0,,0.0,P
100355-101819,P,Jose,Jose Suarez,Suarez,8.909090909090908,11.0,5800,LAA@BAL,LAA,BAL,,,0.0,,0.0,P
100355-102487,P,Austin,Austin Cox,Cox,6.333333333333333,24.0,5700,MIN@KC,KC,MIN,DTD,Knee,0.0,,0.0,P
100355-135339,P,Clayton,Clayton Beeter,Beeter,0.0,0.0,5700,NYY@HOU,NYY,HOU,,,0.0,,0.0,P
100355-145610,P,Angel,Angel Zerpa,Zerpa,12.333333333333334,15.0,5700,MIN@KC,KC,MIN,,,0.0,,0.0,P
100355-80409,P,Paolo,Paolo Espino,Espino,-4.0,3.0,5700,TOR@TB,TOR,TB,,,0.0,,0.0,P
100355-82840,P,Yonny,Yonny Chirinos,Chirinos,14.55,20.0,5700,PIT@MIA,MIA,PIT,,,0.0,,0.0,P
100355-79076,P,Kolby,Kolby Allard,Allard,12.25,4.0,5700,ATL@PHI,PHI,ATL,,,0.0,,0.0,P
100355-79873,P,Dylan,Dylan Covey,Covey,6.107142857142857,29.0,5500,ATL@PHI,PHI,ATL,O,Shoulder,0.0,,0.0,P
100355-79895,P,Miguel,Miguel Diaz,Diaz,7.75,12.0,5500,DET@CWS,DET,CWS,,,0.0,,0.0,P
100355-161818,P,Dylan,Dylan Coleman,Coleman,2.909090909090909,23.0,5500,NYY@HOU,HOU,NYY,,,0.0,,0.0,P
100355-161827,P,Seth,Seth Martinez,Martinez,5.742857142857143,35.0,5500,NYY@HOU,HOU,NYY,,,0.0,,0.0,P
100355-155687,P,Andrew,Andrew Wantz,Wantz,6.592592592592593,27.0,5500,LAA@BAL,LAA,BAL,,,0.0,,0.0,P
100355-102440,P,Mike,Mike Baumann,Baumann,5.933333333333334,61.0,5500,LAA@BAL,BAL,LAA,,,0.0,,0.0,P
100355-135208,P,Shawn,Shawn Dubin,Dubin,13.0,3.0,5500,NYY@HOU,HOU,NYY,O,Shoulder,0.0,,0.0,P
100355-102448,P,Brenan,Brenan Hanifee,Hanifee,5.0,3.0,5500,DET@CWS,DET,CWS,,,0.0,,0.0,P
100355-198710,P,Naoyuki,Naoyuki Uwasawa,Uwasawa,0.0,0.0,5500,TOR@TB,TB,TOR,,,0.0,,0.0,P
100355-135221,P,Cade,Cade Cavalli,Cavalli,0.0,0.0,5500,WSH@CIN,WSH,CIN,O,Elbow,0.0,,0.0,P
100355-135253,P,Alex,Alex Vesia,Vesia,6.0,1.0,5500,STL@LAD,LAD,STL,,,0.0,,0.0,P
100355-102489,P,Carlos,Carlos Hernandez,Hernandez,4.909090909090909,67.0,5500,MIN@KC,KC,MIN,DTD,Shoulder,0.0,,0.0,P
100355-135256,P,Connor,Connor Brogdon,Brogdon,5.111111111111111,27.0,5500,ATL@PHI,PHI,ATL,,,0.0,,0.0,P
100355-135262,P,Anthony,Anthony Misiewicz,Misiewicz,3.8181818181818175,11.0,5500,NYY@HOU,NYY,HOU,,,0.0,,0.0,P
100355-116839,P,David,David Bednar,Bednar,6.287878787878788,66.0,5500,PIT@MIA,PIT,MIA,,,0.0,,0.0,P
100355-102505,P,Edwin,Edwin Uceta,Uceta,18.0,1.0,5500,TOR@TB,TB,TOR,,,0.0,,0.0,P
100355-161906,P,Dauri,Dauri Moreta,Moreta,6.666666666666667,55.0,5500,PIT@MIA,PIT,MIA,IL,Elbow,0.0,,0.0,P
100355-161907,P,Dylan,Dylan Lee,Lee,4.833333333333333,24.0,5500,ATL@PHI,ATL,PHI,,,0.0,,0.0,P
100355-135281,P,Bryan,Bryan Baker,Baker,5.319148936170213,47.0,5500,LAA@BAL,BAL,LAA,,,0.0,,0.0,P
100355-102517,P,Jhoan,Jhoan Duran,Duran,7.080645161290323,63.0,5500,MIN@KC,MIN,KC,O,Oblique,0.0,,0.0,P
100355-102523,P,Deivi,Deivi Garcia,Garcia,7.875,8.0,5500,DET@CWS,CWS,DET,,,0.0,,0.0,P
100355-178306,P,Bryan,Bryan Hoeing,Hoeing,7.696969696969697,33.0,5500,PIT@MIA,MIA,PIT,,,0.0,,0.0,P
100355-102530,P,Spencer,Spencer Howard,Howard,1.3333333333333333,3.0,5500,SF@SD,SF,SD,,,0.0,,0.0,P
100355-135303,P,Jordan,Jordan Weems,Weems,6.03921568627451,51.0,5500,WSH@CIN,WSH,CIN,,,0.0,,0.0,P
100355-114827,P,John,John Schreiber,Schreiber,5.456521739130435,47.0,5500,MIN@KC,KC,MIN,,,0.0,,0.0,P
100355-73866,P,Wandy,Wandy Peralta,Peralta,3.0,1.0,5500,SF@SD,SD,SF,,,0.0,,0.0,P
100355-170135,P,Yennier,Yennier Cano,Cano,4.986486486486487,74.0,5500,LAA@BAL,BAL,LAA,,,0.0,,0.0,P
100355-6295,P,Daniel,Daniel Hudson,Hudson,12.0,1.0,5500,STL@LAD,LAD,STL,,,0.0,,0.0,P
100355-102559,P,Jake,Jake Wong,Wong,0.0,1.0,5500,WSH@CIN,CIN,WSH,,,0.0,,0.0,P
100355-184482,P,Hobie,Hobie Harris,Harris,3.25,17.0,5500,MIN@KC,MIN,KC,,,0.0,,0.0,P
100355-80033,P,Emilio,Emilio Pagan,Pagan,5.567164179104478,69.0,5500,WSH@CIN,CIN,WSH,,,0.0,,0.0,P
100355-102560,P,Camilo,Camilo Doval,Doval,6.382352941176471,70.0,5500,SF@SD,SF,SD,,,0.0,,0.0,P
100355-80034,P,Jose,Jose Alvarado,Alvarado,6.62,50.0,5500,ATL@PHI,PHI,ATL,,,0.0,,0.0,P
100355-102568,P,Colin,Colin Poche,Poche,5.984848484848484,67.0,5500,TOR@TB,TB,TOR,,,0.0,,0.0,P
100355-102574,P,Jake,Jake Woodford,Woodford,9.533333333333331,15.0,5500,DET@CWS,CWS,DET,,,0.0,,0.0,P
100355-102587,P,Jordan,Jordan Balazovic,Balazovic,5.222222222222222,18.0,5500,MIN@KC,MIN,KC,,,0.0,,0.0,P
100355-135361,P,Nabil,Nabil Crismatt,Crismatt,4.875,8.0,5500,STL@LAD,LAD,STL,,,0.0,,0.0,P
100355-198874,P,Noah,Noah Schultz,Schultz,0.0,0.0,5500,DET@CWS,CWS,DET,,,0.0,,0.0,P
100355-145629,P,Mason,Mason Thompson,Thompson,4.38,51.0,5500,WSH@CIN,WSH,CIN,IL,Elbow,0.0,,0.0,P
100355-149731,P,Anthony,Anthony Bender,Bender,0.0,0.0,5500,PIT@MIA,MIA,PIT,,,0.0,,0.0,P
100355-104672,P,Devin,Devin Smeltzer,Smeltzer,7.444444444444445,9.0,5500,PIT@MIA,MIA,PIT,,,0.0,,0.0,P
100355-198891,P,Caden,Caden Dana,Dana,0.0,0.0,5500,LAA@BAL,LAA,BAL,,,0.0,,0.0,P
100355-198890,P,Walter,Walter Pennington,Pennington,0.0,0.0,5500,MIN@KC,KC,MIN,,,0.0,,0.0,P
100355-198896,P,Noble,Noble Meyer,Meyer,0.0,0.0,5500,PIT@MIA,MIA,PIT,,,0.0,,0.0,P
100355-194816,P,Kyle,Kyle Hurt,Hurt,3.0,1.0,5500,STL@LAD,LAD,STL,,,0.0,,0.0,P
100355-198912,P,Will,Will Warren,Warren,0.0,0.0,5500,NYY@HOU,NYY,HOU,,,0.0,,0.0,P
100355-198917,P,Drew,Drew Thorpe,Thorpe,0.0,0.0,5500,DET@CWS,CWS,DET,,,0.0,,0.0,P
100355-198920,P,Dylan,Dylan Lesko,Lesko,0.0,0.0,5500,SF@SD,SD,SF,,,0.0,,0.0,P
100355-170254,P,Colin,Colin Holderman,Holderman,4.655172413793103,58.0,5500,PIT@MIA,PIT,MIA,O,Illness,0.0,,0.0,P
100355-198936,P,Tekoah,Tekoah Roby,Roby,0.0,0.0,5500,STL@LAD,STL,LAD,,,0.0,,0.0,P
100355-174406,P,Huascar,Huascar Brazoban,Brazoban,6.58,51.0,5500,PIT@MIA,MIA,PIT,DTD,Personal,0.0,,0.0,P
100355-170323,P,Nick,Nick Vespi,Vespi,6.222222222222222,9.0,5500,LAA@BAL,BAL,LAA,,,0.0,,0.0,P
100355-135528,P,Clayton,Clayton Andrews,Andrews,-2.6666666666666665,4.0,5500,NYY@HOU,NYY,HOU,,,0.0,,0.0,P
100355-57717,P,Buck,Buck Farmer,Farmer,5.057142857142857,71.0,5500,WSH@CIN,CIN,WSH,,,0.0,,0.0,P
100355-149886,P,Cody,Cody Poteet,Poteet,0.0,0.0,5500,NYY@HOU,NYY,HOU,,,0.0,,0.0,P
100355-170384,P,Yerry,Yerry De Los Santos,De Los Santos,4.818181818181818,22.0,5500,NYY@HOU,NYY,HOU,,,0.0,,0.0,P
100355-61858,P,Raisel,Raisel Iglesias,Iglesias,5.950819672131147,61.0,5500,ATL@PHI,ATL,PHI,,,0.0,,0.0,P
100355-158131,P,Tyler,Tyler Gilbert,Gilbert,7.181818181818182,11.0,5500,WSH@CIN,CIN,WSH,,,0.0,,0.0,P
100355-80313,P,Keynan,Keynan Middleton,Middleton,5.98,51.0,5500,STL@LAD,STL,LAD,O,Arm,0.0,,0.0,P
100355-188863,P,Randy,Randy Wynne,Wynne,4.0,1.0,5500,WSH@CIN,CIN,WSH,,,0.0,,0.0,P
100355-80346,P,Giovanny,Giovanny Gallegos,Gallegos,4.875,56.0,5500,STL@LAD,STL,LAD,,,0.0,,0.0,P
100355-84452,P,Caleb,Caleb Ferguson,Ferguson,5.385714285714286,70.0,5500,NYY@HOU,NYY,HOU,,,0.0,,0.0,P
100355-145918,P,Will,Will Vest,Vest,5.770833333333333,48.0,5500,DET@CWS,DET,CWS,,,0.0,,0.0,P
100355-145916,P,Zach,Zach Pop,Pop,3.933333333333333,15.0,5500,TOR@TB,TOR,TB,,,0.0,,0.0,P
100355-184829,P,McKinley,McKinley Moore,Moore,-1.6666666666666667,3.0,5500,NYY@HOU,NYY,HOU,,,0.0,,0.0,P
100355-191007,P,Declan,Declan Cronin,Cronin,2.6666666666666665,9.0,5500,PIT@MIA,MIA,PIT,,,0.0,,0.0,P
100355-64044,P,Tyler,Tyler Duffey,Duffey,12.0,1.0,5500,MIN@KC,KC,MIN,DTD,Back,0.0,,0.0,P
100355-80433,P,Dinelson,Dinelson Lamet,Lamet,4.529411764705882,17.0,5500,STL@LAD,LAD,STL,,,0.0,,0.0,P
100355-178743,P,Nick,Nick Padilla,Padilla,7.666666666666667,3.0,5500,DET@CWS,CWS,DET,,,0.0,,0.0,P
100355-195135,P,Kyle,Kyle Nicolas,Nicolas,4.0,4.0,5500,PIT@MIA,PIT,MIA,,,0.0,,0.0,P
100355-119356,P,Oliver,Oliver Ortega,Ortega,6.5,10.0,5500,NYY@HOU,HOU,NYY,O,Elbow,0.0,,0.0,P
100355-119359,P,Ethan,Ethan Small,Small,7.5,2.0,5500,SF@SD,SF,SD,O,Oblique,0.0,,0.0,P
100355-156227,P,Josh,Josh Winder,Winder,8.444444444444445,19.0,5500,MIN@KC,MIN,KC,IL,Shoulder,0.0,,0.0,P
100355-72265,P,Matt,Matt Strahm,Strahm,9.142857142857142,63.0,5500,ATL@PHI,PHI,ATL,,,0.0,,0.0,P
100355-139851,P,Justin,Justin Topa,Topa,5.0,75.0,5500,MIN@KC,MIN,KC,O,Knee,0.0,,0.0,P
100355-195151,P,Anthony,Anthony Veneziano,Veneziano,5.0,2.0,5500,MIN@KC,KC,MIN,,,0.0,,0.0,P
100355-80460,P,John,John Brebbia,Brebbia,5.564102564102564,39.0,5500,DET@CWS,CWS,DET,DTD,Calf,0.0,,0.0,P
100355-80476,P,Jackson,Jackson Stephens,Stephens,11.4,5.0,5500,ATL@PHI,ATL,PHI,,,0.0,,0.0,P
100355-16989,P,Wilking,Wilking Rodriguez,Rodriguez,0.0,0.0,5500,STL@LAD,STL,LAD,,,0.0,,0.0,P
100355-82535,P,Kyle,Kyle Wright,Wright,14.333333333333334,9.0,5500,MIN@KC,KC,MIN,IL,Shoulder,0.0,,0.0,P
100355-21096,P,Erasmo,Erasmo Ramirez,Ramirez,5.378378378378378,38.0,5500,TOR@TB,TB,TOR,,,0.0,,0.0,P
100355-184943,P,Jesse,Jesse Scholtens,Scholtens,11.88,26.0,5500,DET@CWS,CWS,DET,IL,Elbow,0.0,,0.0,P
100355-156272,P,Reiss,Reiss Knehr,Knehr,-0.25,4.0,5500,SF@SD,SD,SF,O,Elbow,0.0,,0.0,P
100355-82549,P,Brendon,Brendon Little,Little,0.0,0.0,5500,TOR@TB,TOR,TB,,,0.0,,0.0,P
100355-82548,P,Alex,Alex Lange,Lange,6.0,68.0,5500,DET@CWS,DET,CWS,,,0.0,,0.0,P
100355-119415,P,Juan,Juan Then,Then,3.333333333333333,9.0,5500,DET@CWS,CWS,DET,,,0.0,,0.0,P
100355-82552,P,Tony,Tony Santillan,Santillan,5.333333333333333,3.0,5500,WSH@CIN,CIN,WSH,,,0.0,,0.0,P
100355-70271,P,Carlos,Carlos Estevez,Estevez,5.967741935483871,63.0,5500,LAA@BAL,LAA,BAL,,,0.0,,0.0,P
100355-119426,P,Johan,Johan Oviedo,Oviedo,26.9375,32.0,5500,PIT@MIA,PIT,MIA,IL,Elbow,0.0,,0.0,P
100355-119435,P,Riley,Riley O'Brien,O'Brien,0.0,0.0,5500,STL@LAD,STL,LAD,,,0.0,,0.0,P
100355-82572,P,Gregory,Gregory Soto,Soto,4.287671232876712,74.0,5500,ATL@PHI,PHI,ATL,,,0.0,,0.0,P
100355-12943,P,Shelby,Shelby Miller,Miller,7.25,37.0,5500,DET@CWS,DET,CWS,,,0.0,,0.0,P
100355-12946,P,Matt,Matt Moore,Moore,6.46,50.0,5500,LAA@BAL,LAA,BAL,,,0.0,,0.0,P
100355-82592,P,Dennis,Dennis Santana,Santana,5.888888888888889,10.0,5500,NYY@HOU,NYY,HOU,,,0.0,,0.0,P
100355-17065,P,Blake,Blake Treinen,Treinen,0.0,0.0,5500,STL@LAD,LAD,STL,IL,Chest,0.0,,0.0,P
100355-82603,P,Mitch,Mitch White,White,4.7,10.0,5500,TOR@TB,TOR,TB,,,0.0,,0.0,P
100355-80571,P,Phil,Phil Maton,Maton,5.873239436619718,74.0,5500,TOR@TB,TB,TOR,,,0.0,,0.0,P
100355-82627,P,JoJo,JoJo Romero,Romero,7.962962962962963,27.0,5500,STL@LAD,STL,LAD,,,0.0,,0.0,P
100355-82639,P,Ryan,Ryan Helsley,Helsley,7.696969696969697,33.0,5500,STL@LAD,STL,LAD,,,0.0,,0.0,P
100355-82647,P,Brendan,Brendan McKay,McKay,0.0,0.0,5500,TOR@TB,TB,TOR,,,0.0,,0.0,P
100355-21210,P,Mychal,Mychal Givens,Givens,0.6,6.0,5500,PIT@MIA,MIA,PIT,,,0.0,,0.0,P
100355-82653,P,Ryan,Ryan Borucki,Borucki,5.552631578947368,38.0,5500,PIT@MIA,PIT,MIA,,,0.0,,0.0,P
100355-82656,P,Nate,Nate Pearson,Pearson,6.228571428571429,35.0,5500,TOR@TB,TOR,TB,,,0.0,,0.0,P
100355-10978,P,Stephen,Stephen Strasburg,Strasburg,0.0,0.0,5500,WSH@CIN,WSH,CIN,O,Shoulder,0.0,,0.0,P
100355-187105,P,Joe,Joe La Sorsa,La Sorsa,5.6,25.0,5500,WSH@CIN,WSH,CIN,,,0.0,,0.0,P
100355-187110,P,Ben,Ben Joyce,Joyce,4.8,12.0,5500,LAA@BAL,LAA,BAL,,,0.0,,0.0,P
100355-53990,P,Shawn,Shawn Armstrong,Armstrong,7.65,40.0,5500,TOR@TB,TB,TOR,,,0.0,,0.0,P
100355-84731,P,Evan,Evan Phillips,Phillips,6.0,1.0,5500,STL@LAD,LAD,STL,,,0.0,,0.0,P
100355-84733,P,Wes,Wes Parsons,Parsons,-6.0,1.0,5500,TOR@TB,TOR,TB,,,0.0,,0.0,P
100355-135976,P,Bennett,Bennett Sousa,Sousa,6.428571428571429,7.0,5500,NYY@HOU,HOU,NYY,,,0.0,,0.0,P
100355-135977,P,Garrett,Garrett Crochet,Crochet,4.916666666666667,13.0,5500,DET@CWS,CWS,DET,,,0.0,Yes,0.0,P
100355-193326,P,Jacob,Jacob Lopez,Lopez,12.25,4.0,5500,TOR@TB,TB,TOR,,,0.0,,0.0,P
100355-183131,P,Ryder,Ryder Ryan,Ryan,9.0,1.0,5500,PIT@MIA,PIT,MIA,,,0.0,,0.0,P
100355-11108,P,Aroldis,Aroldis Chapman,Chapman,7.294117647058823,71.0,5500,PIT@MIA,PIT,MIA,,,0.0,,0.0,P
100355-68466,P,Steven,Steven Okert,Okert,5.061538461538461,65.0,5500,MIN@KC,MIN,KC,,,0.0,,0.0,P
100355-70517,P,Chad,Chad Green,Green,6.769230769230769,13.0,5500,TOR@TB,TOR,TB,,,0.0,,0.0,P
100355-68475,P,JT,JT Chargois,Chargois,4.0212765957446805,47.0,5500,PIT@MIA,MIA,PIT,O,Neck,0.0,,0.0,P
100355-68474,P,Josh,Josh Hader,Hader,6.754098360655738,61.0,5500,NYY@HOU,HOU,NYY,,,0.0,,0.0,P
100355-68476,P,Taylor,Taylor Rogers,Rogers,5.396551724137931,61.0,5500,SF@SD,SF,SD,,,0.0,,0.0,P
100355-68485,P,Ryan,Ryan Yarbrough,Yarbrough,8.0,1.0,5500,STL@LAD,LAD,STL,,,0.0,,0.0,P
100355-68484,P,Chad,Chad Kuhl,Kuhl,6.25,17.0,5500,DET@CWS,CWS,DET,,,0.0,,0.0,P
100355-68491,P,Reynaldo,Reynaldo Lopez,Lopez,5.954545454545454,68.0,5500,ATL@PHI,ATL,PHI,,,0.0,,0.0,P
100355-80791,P,Alan,Alan Busenitz,Busenitz,5.0,6.0,5500,WSH@CIN,CIN,WSH,,,0.0,,0.0,P
100355-68510,P,Amir,Amir Garrett,Garrett,4.814814814814815,27.0,5500,SF@SD,SF,SD,,,0.0,,0.0,P
100355-68515,P,Sam,Sam Moll,Moll,4.857142857142857,70.0,5500,WSH@CIN,CIN,WSH,O,Shoulder,0.0,,0.0,P
100355-52141,P,Lucas,Lucas Sims,Sims,5.641791044776119,67.0,5500,WSH@CIN,CIN,WSH,,,0.0,,0.0,P
100355-52143,P,Hunter,Hunter Harvey,Harvey,6.140350877192983,57.0,5500,WSH@CIN,WSH,CIN,,,0.0,,0.0,P
100355-52148,P,Pierce,Pierce Johnson,Johnson,5.8,70.0,5500,ATL@PHI,ATL,PHI,,,0.0,,0.0,P
100355-70585,P,Richard,Richard Bleier,Bleier,3.4074074074074074,28.0,5500,WSH@CIN,WSH,CIN,,,0.0,,0.0,P
100355-52152,P,Robert,Robert Stephenson,Stephenson,5.866666666666666,60.0,5500,LAA@BAL,LAA,BAL,O,Shoulder,0.0,,0.0,P
100355-179129,P,Jeremiah,Jeremiah Estrada,Estrada,6.0,1.0,5500,SF@SD,SD,SF,,,0.0,,0.0,P
100355-68555,P,Brent,Brent Honeywell,Honeywell,5.5,40.0,5500,PIT@MIA,PIT,MIA,,,0.0,,0.0,P
100355-68556,P,Dillon,Dillon Tate,Tate,0.0,0.0,5500,LAA@BAL,BAL,LAA,,,0.0,,0.0,P
100355-13271,P,Will,Will Smith,Smith,4.296875,65.0,5500,MIN@KC,KC,MIN,,,0.0,,0.0,P
100355-193498,P,John,John McMillon,McMillon,8.25,4.0,5500,MIN@KC,KC,MIN,,,0.0,,0.0,P
100355-82911,P,Adam,Adam Cimber,Cimber,2.136363636363636,22.0,5500,LAA@BAL,LAA,BAL,,,0.0,,0.0,P
100355-52192,P,Luke,Luke Jackson,Jackson,6.516129032258065,32.0,5500,SF@SD,SF,SD,,,0.0,,0.0,P
100355-70624,P,Chris,Chris Stratton,Stratton,6.029850746268656,68.0,5500,MIN@KC,KC,MIN,,,0.0,,0.0,P
100355-70629,P,Jacob,Jacob Barnes,Barnes,2.923076923076923,13.0,5500,WSH@CIN,WSH,CIN,,,0.0,,0.0,P
100355-187367,P,Nick,Nick Robertson,Robertson,5.882352941176471,18.0,5500,STL@LAD,STL,LAD,,,0.0,,0.0,P
100355-82921,P,Zack,Zack Weiss,Weiss,6.5,12.0,5500,MIN@KC,MIN,KC,O,Shoulder,0.0,,0.0,P
100355-82924,P,Tim,Tim Hill,Hill,2.9565217391304346,48.0,5500,DET@CWS,CWS,DET,,,0.0,,0.0,P
100355-168950,P,Andre,Andre Pallante,Pallante,4.016129032258065,62.0,5500,STL@LAD,STL,LAD,,,0.0,,0.0,P
100355-82935,P,Trevor,Trevor Richards,Richards,7.87037037037037,56.0,5500,TOR@TB,TOR,TB,,,0.0,,0.0,P
100355-13312,P,Ryan,Ryan Brasier,Brasier,6.0,1.0,5500,STL@LAD,LAD,STL,,,0.0,,0.0,P
100355-168965,P,Tanner,Tanner Banks,Banks,7.875,32.0,5500,DET@CWS,CWS,DET,,,0.0,,0.0,P
100355-68619,P,Matt,Matt Bowman,Bowman,3.0,3.0,5500,MIN@KC,MIN,KC,,,0.0,,0.0,P
100355-189470,P,Kyle,Kyle Leahy,Leahy,-0.3333333333333333,3.0,5500,STL@LAD,STL,LAD,,,0.0,,0.0,P
100355-82974,P,Tanner,Tanner Rainey,Rainey,6.0,1.0,5500,WSH@CIN,WSH,CIN,,,0.0,,0.0,P
100355-68653,P,Luis,Luis Cessa,Cessa,5.571428571428571,7.0,5500,MIN@KC,KC,MIN,,,0.0,,0.0,P
100355-82998,P,Lou,Lou Trivino,Trivino,0.0,0.0,5500,NYY@HOU,NYY,HOU,IL,Elbow,0.0,,0.0,P
100355-154688,P,Jake,Jake Cousins,Cousins,4.25,9.0,5500,DET@CWS,CWS,DET,,,0.0,,0.0,P
100355-58434,P,Kendall,Kendall Graveman,Graveman,5.264705882352941,68.0,5500,NYY@HOU,HOU,NYY,O,Shoulder,0.0,,0.0,P
100355-11333,P,Craig,Craig Kimbrel,Kimbrel,6.1923076923076925,78.0,5500,LAA@BAL,BAL,LAA,,,0.0,,0.0,P
100355-11335,P,Jay,Jay Jackson,Jackson,6.68,25.0,5500,MIN@KC,MIN,KC,,,0.0,,0.0,P
100355-179275,P,Fernando,Fernando Cruz,Cruz,6.842105263157895,58.0,5500,WSH@CIN,CIN,WSH,,,0.0,,0.0,P
100355-189528,P,Robert,Robert Garcia,Garcia,6.72,25.0,5500,WSH@CIN,WSH,CIN,,,0.0,,0.0,P
100355-195682,P,Orion,Orion Kerkering,Kerkering,6.111111111111111,10.0,5500,ATL@PHI,PHI,ATL,O,Illness,0.0,,0.0,P
100355-38001,P,Matt,Matt Barnes,Barnes,3.7916666666666665,25.0,5500,WSH@CIN,WSH,CIN,,,0.0,,0.0,P
100355-85108,P,Enyel,Enyel De Los Santos,De Los Santos,6.0,1.0,5500,SF@SD,SD,SF,,,0.0,,0.0,P
100355-158858,P,Justin,Justin Bruihl,Bruihl,3.888888888888889,27.0,5500,WSH@CIN,CIN,WSH,,,0.0,,0.0,P
100355-38036,P,T.J.,T.J. McFarland,McFarland,2.6666666666666665,3.0,5500,STL@LAD,LAD,STL,,,0.0,,0.0,P
100355-38041,P,Ryan,Ryan Pressly,Pressly,5.971428571428572,70.0,5500,NYY@HOU,HOU,NYY,,,0.0,,0.0,P
100355-81052,P,Andrew,Andrew Kittredge,Kittredge,4.733333333333333,15.0,5500,STL@LAD,STL,LAD,,,0.0,,0.0,P
100355-152733,P,Griffin,Griffin Jax,Jax,5.04,75.0,5500,MIN@KC,MIN,KC,,,0.0,,0.0,P
100355-195748,P,Kelvin,Kelvin Caceres,Caceres,2.0,2.0,5500,LAA@BAL,LAA,BAL,,,0.0,,0.0,P
100355-13479,P,Joe,Joe Kelly,Kelly,3.0,1.0,5500,STL@LAD,LAD,STL,,,0.0,,0.0,P
100355-154794,P,Joe,Joe Barlow,Barlow,3.1666666666666665,13.0,5500,DET@CWS,CWS,DET,O,Shoulder,0.0,,0.0,P
100355-140459,P,John,John King,King,3.971428571428572,35.0,5500,STL@LAD,STL,LAD,DTD,Illness,0.0,,0.0,P
100355-85164,P,Matt,Matt Festa,Festa,6.75,8.0,5500,SF@SD,SD,SF,,,0.0,,0.0,P
100355-83116,P,Wander,Wander Suero,Suero,7.2,5.0,5500,NYY@HOU,HOU,NYY,,,0.0,,0.0,P
100355-62641,P,Andrew,Andrew Bellatti,Bellatti,4.185185185185185,27.0,5500,ATL@PHI,PHI,ATL,,,0.0,,0.0,P
100355-195785,P,Caleb,Caleb Boushley,Boushley,25.0,1.0,5500,MIN@KC,MIN,KC,,,0.0,,0.0,P
100355-83158,P,Seranthony,Seranthony Dominguez,Dominguez,4.885245901639344,63.0,5500,ATL@PHI,PHI,ATL,,,0.0,,0.0,P
100355-83163,P,Jonathan,Jonathan Loaisiga,Loaisiga,3.117647058823529,17.0,5500,NYY@HOU,NYY,HOU,,,0.0,,0.0,P
100355-79067,P,Alex,Alex Young,Young,4.222222222222222,63.0,5500,WSH@CIN,CIN,WSH,O,Back,0.0,,0.0,P
100355-152806,P,Jason,Jason Foley,Foley,4.782608695652174,70.0,5500,DET@CWS,DET,CWS,,,0.0,,0.0,P
100355-136424,P,Jake,Jake Brentz,Brentz,0.0,0.0,5500,MIN@KC,KC,MIN,O,Hamstring,0.0,,0.0,P
100355-79085,P,Keegan,Keegan Akin,Akin,4.782608695652174,24.0,5500,LAA@BAL,BAL,LAA,,,0.0,,0.0,P
100355-79084,P,Tanner,Tanner Scott,Scott,7.28,75.0,5500,PIT@MIA,MIA,PIT,,,0.0,,0.0,P
100355-60656,P,Jeff,Jeff Hoffman,Hoffman,6.557377049180328,62.0,5500,ATL@PHI,PHI,ATL,,,0.0,,0.0,P
100355-79107,P,Vladimir,Vladimir Gutierrez,Gutierrez,0.0,0.0,5500,PIT@MIA,MIA,PIT,,,0.0,,0.0,P
100355-21764,P,Caleb,Caleb Thielbar,Thielbar,4.897435897435898,40.0,5500,MIN@KC,MIN,KC,O,Hamstring,0.0,,0.0,P
100355-146702,P,Cole,Cole Sands,Sands,6.733333333333333,16.0,5500,MIN@KC,MIN,KC,,,0.0,,0.0,P
100355-79123,P,Tyler,Tyler Alexander,Alexander,8.4,26.0,5500,TOR@TB,TB,TOR,,,0.0,,0.0,P
100355-70933,P,Brock,Brock Stewart,Stewart,7.129032258064516,31.0,5500,MIN@KC,MIN,KC,,,0.0,,0.0,P
100355-79124,P,Joe,Joe Jimenez,Jimenez,5.616666666666666,61.0,5500,ATL@PHI,ATL,PHI,,,0.0,,0.0,P
100355-197919,P,Jairo,Jairo Iriarte,Iriarte,0.0,0.0,5500,DET@CWS,CWS,DET,,,0.0,,0.0,P
100355-197916,P,Anthony,Anthony Maldonado,Maldonado,0.0,0.0,5500,PIT@MIA,MIA,PIT,,,0.0,,0.0,P
100355-179490,P,Cole,Cole Waites,Waites,0.3333333333333333,3.0,5500,SF@SD,SF,SD,O,Elbow,0.0,,0.0,P
100355-83232,P,Jason,Jason Adam,Adam,6.071428571428571,56.0,5500,TOR@TB,TB,TOR,,,0.0,,0.0,P
100355-116002,P,Joel,Joel Kuhnel,Kuhnel,2.6666666666666665,9.0,5500,NYY@HOU,HOU,NYY,,,0.0,,0.0,P
100355-146724,P,Carmen,Carmen Mlodzinski,Mlodzinski,5.742857142857143,35.0,5500,PIT@MIA,PIT,MIA,O,Forearm,0.0,,0.0,P
100355-85286,P,Ian,Ian Gibaut,Gibaut,5.378378378378378,74.0,5500,WSH@CIN,CIN,WSH,O,Forearm,0.0,,0.0,P
100355-85289,P,Nick,Nick Anderson,Anderson,5.771428571428571,36.0,5500,MIN@KC,KC,MIN,,,0.0,,0.0,P
100355-85288,P,Brusdar,Brusdar Graterol,Graterol,5.114285714285714,70.0,5500,STL@LAD,LAD,STL,IL,Shoulder,0.0,,0.0,P
100355-79150,P,Josh,Josh Staumont,Staumont,4.571428571428571,21.0,5500,MIN@KC,MIN,KC,,,0.0,,0.0,P
100355-152888,P,Sam,Sam Long,Long,3.769230769230769,40.0,5500,MIN@KC,KC,MIN,,,0.0,,0.0,P
100355-154947,P,Justin,Justin Garza,Garza,3.588235294117647,17.0,5500,SF@SD,SF,SD,,,0.0,,0.0,P
100355-79172,P,Luis,Luis Ortiz,Ortiz,6.0,14.0,5500,ATL@PHI,PHI,ATL,,,0.0,,0.0,P
100355-38216,P,Jose,Jose Cisnero,Cisnero,5.016666666666667,64.0,5500,LAA@BAL,LAA,BAL,,,0.0,,0.0,P
100355-38217,P,Tommy,Tommy Kahnle,Kahnle,5.7560975609756095,42.0,5500,NYY@HOU,NYY,HOU,O,Shoulder,0.0,,0.0,P
100355-181583,P,Prelander,Prelander Berroa,Berroa,7.0,2.0,5500,DET@CWS,CWS,DET,DTD,Shoulder,0.0,,0.0,P
100355-21846,P,Chris,Chris Devenski,Devenski,5.948717948717949,39.0,5500,TOR@TB,TB,TOR,,,0.0,,0.0,P
100355-177493,P,Andrew,Andrew Nardi,Nardi,6.222222222222222,64.0,5500,PIT@MIA,MIA,PIT,,,0.0,,0.0,P
100355-118106,P,Victor,Victor Gonzalez,Gonzalez,4.823529411764706,34.0,5500,NYY@HOU,NYY,HOU,,,0.0,,0.0,P
100355-197980,P,Paul,Paul Skenes,Skenes,0.0,0.0,5500,PIT@MIA,PIT,MIA,,,0.0,,0.0,P
100355-38240,P,Rafael,Rafael Montero,Montero,5.371428571428571,73.0,5500,NYY@HOU,HOU,NYY,,,0.0,,0.0,P
100355-193897,P,Kody,Kody Funderburk,Funderburk,9.272727272727272,11.0,5500,MIN@KC,MIN,KC,,,0.0,,0.0,P
100355-118122,P,Angel,Angel Perdomo,Perdomo,6.7,30.0,5500,ATL@PHI,ATL,PHI,O,Elbow,0.0,,0.0,P
100355-159099,P,Connor,Connor Overton,Overton,6.0,3.0,5500,WSH@CIN,CIN,WSH,O,Elbow,0.0,,0.0,P
100355-79227,P,Adrian,Adrian Morejon,Morejon,2.0,1.0,5500,SF@SD,SD,SF,,,0.0,,0.0,P
100355-79232,P,Clay,Clay Holmes,Holmes,5.630769230769231,67.0,5500,NYY@HOU,NYY,HOU,,,0.0,,0.0,P
100355-79239,P,Andrew,Andrew Suarez,Suarez,5.230769230769231,13.0,5500,LAA@BAL,BAL,LAA,,,0.0,,0.0,P
100355-79245,P,Sandy,Sandy Alcantara,Alcantara,30.214285714285715,28.0,5500,PIT@MIA,MIA,PIT,IL,Elbow,0.0,,0.0,P
100355-181651,P,Matt,Matt Krook,Krook,-4.0,4.0,5500,LAA@BAL,BAL,LAA,,,0.0,,0.0,P
100355-38303,P,Andrew,Andrew Chafin,Chafin,4.590163934426229,63.0,5500,DET@CWS,DET,CWS,,,0.0,,0.0,P
100355-118185,P,Matt,Matt Foster,Foster,0.0,0.0,5500,DET@CWS,CWS,DET,IL,Elbow,0.0,,0.0,P
100355-101803,P,Jacob,Jacob Webb,Webb,4.910714285714286,56.0,5500,LAA@BAL,BAL,LAA,,,0.0,,0.0,P
100355-118186,P,Jimmy,Jimmy Lambert,Lambert,5.515151515151516,35.0,5500,DET@CWS,CWS,DET,O,Shoulder,0.0,,0.0,P
100355-101809,P,Josh,Josh Taylor,Taylor,5.5625,17.0,5500,MIN@KC,KC,MIN,DTD,Biceps,0.0,,0.0,P
100355-118195,P,Tejay,Tejay Antone,Antone,7.0,5.0,5500,WSH@CIN,CIN,WSH,,,0.0,,0.0,P
100355-101816,P,Bryan,Bryan Abreu,Abreu,6.8375,81.0,5500,NYY@HOU,HOU,NYY,,Suspension,0.0,,0.0,P
100355-169400,P,Parker,Parker Mushinski,Mushinski,4.428571428571429,14.0,5500,NYY@HOU,HOU,NYY,,,0.0,,0.0,P
100355-40382,P,Luis,Luis Garcia,Garcia,4.409836065573771,61.0,5500,LAA@BAL,LAA,BAL,,,0.0,,0.0,P
100355-171453,P,Max,Max Castillo,Castillo,8.714285714285714,7.0,5500,ATL@PHI,PHI,ATL,,,0.0,,0.0,P
100355-101825,P,Jose,Jose Quijada,Quijada,3.3,10.0,5500,LAA@BAL,LAA,BAL,IL,Elbow,0.0,,0.0,P
100355-118217,P,Manuel,Manuel Rodriguez,Rodriguez,0.0,0.0,5500,TOR@TB,TB,TOR,,,0.0,,0.0,P
100355-118221,P,J.P.,J.P. Feyereisen,Feyereisen,-3.0,1.0,5500,STL@LAD,LAD,STL,,,0.0,,0.0,P
100355-118224,P,Garrett,Garrett Cleavinger,Cleavinger,5.142857142857143,16.0,5500,TOR@TB,TB,TOR,,,0.0,,0.0,P
100355-101845,P,Genesis,Genesis Cabrera,Cabrera,4.612903225806452,62.0,5500,TOR@TB,TOR,TB,,,0.0,,0.0,P
100355-101846,P,Erik,Erik Swanson,Swanson,5.535211267605634,71.0,5500,TOR@TB,TOR,TB,O,Forearm,0.0,,0.0,P
100355-95737,P,Ian,Ian Hamilton,Hamilton,8.923076923076923,39.0,5500,NYY@HOU,NYY,HOU,,,0.0,,0.0,P
100355-161273,P,Scott,Scott Effross,Effross,0.0,0.0,5500,NYY@HOU,NYY,HOU,IL,Back,0.0,,0.0,P
100355-95757,P,Andrew,Andrew Vasquez,Vasquez,5.658536585365853,42.0,5500,DET@CWS,DET,CWS,,,0.0,,0.0,P
100355-85517,P,Trey,Trey Wingenter,Wingenter,5.625,18.0,5500,DET@CWS,DET,CWS,,,0.0,,0.0,P
100355-101904,P,Jordan,Jordan Romano,Romano,6.431034482758621,60.0,5500,TOR@TB,TOR,TB,O,Elbow,0.0,,0.0,P
100355-95774,P,Jeff,Jeff Brigham,Brigham,4.837837837837838,37.0,5500,MIN@KC,MIN,KC,,,0.0,,0.0,P
100355-58913,P,Danny,Danny Coulombe,Coulombe,5.096774193548387,64.0,5500,LAA@BAL,BAL,LAA,,,0.0,,0.0,P
100355-181796,P,Blair,Blair Calvo,Calvo,3.0,1.0,5500,DET@CWS,DET,CWS,,,0.0,,0.0,P
100355-5673,P,Jesse,Jesse Chavez,Chavez,6.147058823529412,36.0,5500,ATL@PHI,ATL,PHI,,,0.0,,0.0,P
100355-181801,P,Jose A.,Jose A. Ferrer,Ferrer,3.5384615384615383,39.0,5500,WSH@CIN,WSH,CIN,IL,Shoulder,0.0,,0.0,P
100355-79402,P,Cionel,Cionel Perez,Perez,4.153846153846154,67.0,5500,LAA@BAL,BAL,LAA,,,0.0,,0.0,P
100355-71218,P,Dylan,Dylan Floro,Floro,4.655737704918033,63.0,5500,WSH@CIN,WSH,CIN,,,0.0,,0.0,P
100355-181826,P,Colby,Colby White,White,0.0,0.0,5500,TOR@TB,TB,TOR,,,0.0,,0.0,P
100355-185926,P,Ryan,Ryan Walker,Walker,7.795918367346939,49.0,5500,SF@SD,SF,SD,,,0.0,,0.0,P
100355-181843,P,Josh,Josh Simpson,Simpson,0.0,0.0,5500,PIT@MIA,MIA,PIT,O,Elbow,0.0,,0.0,P
100355-81488,P,Jose,Jose Ruiz,Ruiz,4.605263157894737,38.0,5500,ATL@PHI,PHI,ATL,,,0.0,,0.0,P
100355-181841,P,George,George Soriano,Soriano,9.333333333333334,27.0,5500,PIT@MIA,MIA,PIT,,,0.0,,0.0,P
100355-73301,P,Brent,Brent Suter,Suter,5.8,57.0,5500,WSH@CIN,CIN,WSH,,,0.0,,0.0,P
100355-181848,P,Tom,Tom Cosgrove,Cosgrove,0.0,2.0,5500,SF@SD,SD,SF,,,0.0,,0.0,P
100355-81507,P,Aaron,Aaron Bummer,Bummer,5.203389830508475,61.0,5500,ATL@PHI,ATL,PHI,,,0.0,,0.0,P
100355-169574,P,Penn,Penn Murfee,Murfee,5.625,16.0,5500,ATL@PHI,ATL,PHI,O,Elbow,0.0,,0.0,P
100355-118381,P,Kyle,Kyle Finnegan,Finnegan,5.253731343283582,67.0,5500,WSH@CIN,WSH,CIN,,,0.0,,0.0,P
100355-52871,P,Derek,Derek Law,Law,4.961538461538462,54.0,5500,WSH@CIN,WSH,CIN,,,0.0,,0.0,P
100355-110216,P,Stephen,Stephen Nogosek,Nogosek,8.0,14.0,5500,WSH@CIN,WSH,CIN,,,0.0,,0.0,P
100355-52877,P,Dominic,Dominic Leone,Leone,4.823529411764706,51.0,5500,DET@CWS,CWS,DET,,,0.0,,0.0,P
100355-52887,P,Tyler,Tyler Matzek,Matzek,0.0,0.0,5500,ATL@PHI,ATL,PHI,,,0.0,,0.0,P
100355-38563,P,Yimi,Yimi Garcia,Garcia,5.081081081081081,74.0,5500,TOR@TB,TOR,TB,,,0.0,,0.0,P
100355-169636,P,Beau,Beau Brieske,Brieske,6.72,25.0,5500,DET@CWS,DET,CWS,,,0.0,,0.0,P
100355-155315,P,Spenser,Spenser Watkins,Watkins,10.0,1.0,5500,WSH@CIN,WSH,CIN,,,0.0,,0.0,P
100355-163511,P,Yunior,Yunior Marte,Marte,4.3,40.0,5500,ATL@PHI,PHI,ATL,,,0.0,,0.0,P
100355-165577,P,Sam,Sam Bachman,Bachman,7.363636363636363,11.0,5500,LAA@BAL,LAA,BAL,O,Shoulder,0.0,,0.0,P
100355-81615,P,Tim,Tim Mayza,Mayza,4.573529411764706,70.0,5500,TOR@TB,TOR,TB,,,0.0,,0.0,P
100355-198352,P,Shane,Shane Drohan,Drohan,0.0,0.0,5500,DET@CWS,CWS,DET,O,Shoulder,0.0,,0.0,P
100355-198357,P,Ryan,Ryan Fernandez,Fernandez,0.0,0.0,5500,STL@LAD,STL,LAD,,,0.0,,0.0,P
100355-198362,P,Stephen,Stephen Kolek,Kolek,-4.0,1.0,5500,SF@SD,SD,SF,,,0.0,,0.0,P
100355-14049,P,Bryan,Bryan Shaw,Shaw,5.105263157894737,38.0,5500,DET@CWS,CWS,DET,,,0.0,,0.0,P
100355-141024,P,Bruce,Bruce Zimmermann,Zimmermann,10.428571428571429,7.0,5500,LAA@BAL,BAL,LAA,,,0.0,,0.0,P
100355-181985,P,Guillermo,Guillermo Zuniga,Zuniga,7.5,2.0,5500,LAA@BAL,LAA,BAL,,,0.0,,0.0,P
100355-181992,P,Jose,Jose Hernandez,Hernandez,5.2,50.0,5500,PIT@MIA,PIT,MIA,,,0.0,,0.0,P
100355-81642,P,A.J.,A.J. Minter,Minter,5.383561643835616,73.0,5500,ATL@PHI,ATL,PHI,,,0.0,,0.0,P
100355-182005,P,Kevin,Kevin Kelly,Kelly,5.789473684210527,58.0,5500,TOR@TB,TB,TOR,,,0.0,,0.0,P
100355-161545,P,Kaleb,Kaleb Ort,Ort,4.714285714285714,21.0,5500,LAA@BAL,BAL,LAA,,,0.0,,0.0,P
100355-169742,P,Tyler,Tyler Holton,Holton,7.389830508474576,59.0,5500,DET@CWS,DET,CWS,,,0.0,,0.0,P
100355-194323,P,Hunter,Hunter Stratton,Stratton,7.125,8.0,5500,PIT@MIA,PIT,MIA,,,0.0,,0.0,P
100355-182062,P,Gus,Gus Varland,Varland,1.0,1.0,5500,STL@LAD,LAD,STL,,,0.0,,0.0,P
100355-163654,P,Alexis,Alexis Diaz,Diaz,6.641791044776119,71.0,5500,WSH@CIN,CIN,WSH,,,0.0,,0.0,P
100355-163655,P,Daniel,Daniel Duarte,Duarte,4.612903225806452,31.0,5500,MIN@KC,MIN,KC,,,0.0,,0.0,P
100355-116548,P,Tyler,Tyler Rogers,Rogers,5.2388059701492535,67.0,5500,SF@SD,SF,SD,,,0.0,,0.0,P
100355-163663,P,Calvin,Calvin Faucher,Faucher,5.764705882352941,18.0,5500,PIT@MIA,MIA,PIT,,,0.0,,0.0,P
100355-163660,P,Steven,Steven Wilson,Wilson,5.134615384615385,52.0,5500,DET@CWS,CWS,DET,,,0.0,,0.0,P
100355-163670,P,Cody,Cody Morris,Morris,5.5,6.0,5500,NYY@HOU,NYY,HOU,,,0.0,,0.0,P
100355-165716,P,Sem,Sem Robberse,Robberse,0.0,0.0,5500,STL@LAD,STL,LAD,,,0.0,,0.0,P
100355-108380,P,Tayler,Tayler Scott,Scott,3.9444444444444446,18.0,5500,NYY@HOU,HOU,NYY,,,0.0,,0.0,P
100355-163677,P,James,James McArthur,McArthur,6.055555555555555,18.0,5500,MIN@KC,KC,MIN,,,0.0,,0.0,P
100355-104293,P,Nick,Nick Ramirez,Ramirez,5.67741935483871,32.0,5500,NYY@HOU,NYY,HOU,,,0.0,,0.0,P
100355-163687,P,Ron,Ron Marinaccio,Marinaccio,6.4523809523809526,45.0,5500,NYY@HOU,NYY,HOU,,,0.0,,0.0,P
100355-163699,P,Zach,Zach Logue,Logue,12.0,3.0,5500,ATL@PHI,ATL,PHI,,,0.0,,0.0,P
100355-163697,P,Hagen,Hagen Danner,Danner,1.0,1.0,5500,TOR@TB,TOR,TB,,,0.0,,0.0,P
100355-163701,P,Felix,Felix Bautista,Bautista,9.482142857142858,56.0,5500,LAA@BAL,BAL,LAA,IL,Elbow,0.0,,0.0,P
100355-163707,P,Freddy,Freddy Pacheco,Pacheco,0.0,0.0,5500,DET@CWS,DET,CWS,O,Elbow,0.0,,0.0,P
100355-161675,P,Jonathan,Jonathan Heasley,Heasley,3.0,12.0,5500,LAA@BAL,BAL,LAA,,,0.0,,0.0,P
100355-102300,P,Michael,Michael Rucker,Rucker,5.5,36.0,5500,ATL@PHI,PHI,ATL,DTD,Finger,0.0,,0.0,P
100355-157600,P,Austin,Austin Warren,Warren,7.0,2.0,5500,SF@SD,SF,SD,IL,Elbow,0.0,,0.0,P
100355-108461,P,Pete,Pete Fairbanks,Fairbanks,6.520833333333333,49.0,5500,TOR@TB,TB,TOR,,,0.0,,0.0,P
100355-102330,P,Kris,Kris Bubic,Bubic,26.33333333333333,4.0,5500,MIN@KC,KC,MIN,IL,Elbow,0.0,,0.0,P
100355-163782,P,Robert,Robert Suarez,Suarez,10.0,1.0,5500,SF@SD,SD,SF,,,0.0,,0.0,P
100355-102343,P,Tony,Tony Gonsolin,Gonsolin,22.4,20.0,5500,STL@LAD,LAD,STL,IL,Elbow,0.0,,0.0,P
100355-102345,P,Jose,Jose Soriano,Soriano,6.552631578947368,38.0,5500,LAA@BAL,LAA,BAL,,,0.0,,0.0,P
100355-102355,P,Jorge,Jorge Alcala,Alcala,5.818181818181818,12.0,5500,MIN@KC,MIN,KC,,,0.0,,0.0,P
100355-198619,P,Yuki,Yuki Matsui,Matsui,3.5,2.0,5500,SF@SD,SD,SF,,,0.0,,0.0,P
100355-102378,P,Matt,Matt Sauer,Sauer,0.0,0.0,5500,MIN@KC,KC,MIN,,,0.0,,0.0,P
100355-102395,P,Ryan,Ryan Weathers,Weathers,12.666666666666666,15.0,5500,PIT@MIA,MIA,PIT,,,0.0,,0.0,P
100355-198655,P,Woo-Suk,Woo-Suk Go,Go,0.0,0.0,5500,SF@SD,SD,SF,,,0.0,,0.0,P
100355-79756,OF,Ronald,Ronald Acuna Jr.,Acuna Jr.,16.81840430885736,163.0,4500,ATL@PHI,ATL,PHI,,,0.0,,0.0,OF/UTIL
100355-39151,2B/SS/OF,Mookie,Mookie Betts,Betts,33.45000076293945,2.0,4400,STL@LAD,LAD,STL,,,0.0,,0.0,2B/SS/OF/UTIL
100355-82440,OF,Shohei,Shohei Ohtani,Ohtani,12.600000381469728,2.0,4400,STL@LAD,LAD,STL,,,0.0,,0.0,OF/UTIL
100355-60643,OF,Aaron,Aaron Judge,Judge,13.889623102152123,106.0,4300,NYY@HOU,NYY,HOU,,,0.0,,0.0,OF/UTIL
100355-82575,OF,Yordan,Yordan Alvarez,Alvarez,14.246400390625,125.0,4200,NYY@HOU,HOU,NYY,,,0.0,,0.0,OF/UTIL
100355-52175,1B,Matt,Matt Olson,Olson,14.109036732868976,166.0,4100,ATL@PHI,ATL,PHI,,,0.0,,0.0,C/1B/UTIL
100355-79282,OF,Juan,Juan Soto,Soto,12.65987594039352,162.0,4100,NYY@HOU,NYY,HOU,,,0.0,,0.0,OF/UTIL
100355-14562,2B,Jose,Jose Altuve,Altuve,13.583168558555077,101.0,4000,NYY@HOU,HOU,NYY,,,0.0,,0.0,2B/UTIL
100355-82608,3B,Royce,Royce Lewis,Lewis,13.373437881469728,64.0,4000,MIN@KC,MIN,KC,,,0.0,,0.0,3B/UTIL
100355-11334,1B,Freddie,Freddie Freeman,Freeman,9.0,2.0,4000,STL@LAD,LAD,STL,,,0.0,,0.0,C/1B/UTIL
100355-65881,SS,Trea,Trea Turner,Turner,11.801785423642112,168.0,3900,ATL@PHI,PHI,ATL,,,0.0,,0.0,SS/UTIL
100355-12948,1B,Bryce,Bryce Harper,Harper,12.493525004215378,139.0,3900,ATL@PHI,PHI,ATL,,,0.0,,0.0,C/1B/UTIL
100355-79074,3B,Austin,Austin Riley,Riley,12.103067784221626,163.0,3900,ATL@PHI,ATL,PHI,,,0.0,,0.0,3B/UTIL
100355-79393,OF,Fernando,Fernando Tatis Jr.,Tatis Jr.,10.949999809265137,2.0,3900,SF@SD,SD,SF,,,0.0,,0.0,OF/UTIL
100355-119349,SS,Bobby,Bobby Witt Jr.,Witt Jr.,12.806329268443433,158.0,3800,MIN@KC,KC,MIN,,,0.0,,0.0,SS/UTIL
100355-119307,C,Adley,Adley Rutschman,Rutschman,10.27898120272691,157.0,3700,LAA@BAL,BAL,LAA,,,0.0,,0.0,C/1B/UTIL
100355-12933,OF,Mike,Mike Trout,Trout,11.55853643649962,82.0,3700,LAA@BAL,LAA,BAL,,,0.0,,0.0,OF/UTIL
100355-68587,2B,Ozzie,Ozzie Albies,Albies,12.290789152446546,152.0,3700,ATL@PHI,ATL,PHI,,,0.0,,0.0,2B/UTIL
100355-60631,OF,Kyle,Kyle Schwarber,Schwarber,12.193063019328036,173.0,3700,ATL@PHI,PHI,ATL,,,0.0,,0.0,OF/UTIL
100355-79120,1B,Yandy,Yandy Diaz,Diaz,11.661870503597122,139.0,3700,TOR@TB,TB,TOR,,,0.0,,0.0,C/1B/UTIL
100355-79125,OF,Kyle,Kyle Tucker,Tucker,12.438690185546877,168.0,3700,NYY@HOU,HOU,NYY,,,0.0,,0.0,OF/UTIL
100355-12968,1B,Paul,Paul Goldschmidt,Goldschmidt,11.011688628754058,154.0,3600,STL@LAD,STL,LAD,,,0.0,,0.0,C/1B/UTIL
100355-52176,3B,Max,Max Muncy,Muncy,12.199999809265137,2.0,3600,STL@LAD,LAD,STL,,,0.0,,0.0,3B/UTIL
100355-85261,OF,Randy,Randy Arozarena,Arozarena,11.336601307189545,153.0,3600,TOR@TB,TB,TOR,,,0.0,,0.0,OF/UTIL
100355-79273,1B,Vladimir,Vladimir Guerrero Jr.,Guerrero Jr.,10.42151883282239,158.0,3600,TOR@TB,TOR,TB,,,0.0,,0.0,C/1B/UTIL
100355-165507,SS/2B,Matt,Matt McLain,McLain,12.764044943820224,89.0,3600,WSH@CIN,CIN,WSH,O,Shoulder,0.0,,0.0,2B/SS/UTIL
100355-79884,OF/1B,Anthony,Anthony Santander,Santander,10.74102548452524,156.0,3500,LAA@BAL,BAL,LAA,,,0.0,,0.0,C/1B/OF/UTIL
100355-119306,SS,Gunnar,Gunnar Henderson,Henderson,11.193463892718546,153.0,3500,LAA@BAL,BAL,LAA,,,0.0,,0.0,SS/UTIL
100355-17139,C,J.T.,J.T. Realmuto,Realmuto,10.026351516311234,148.0,3500,ATL@PHI,PHI,ATL,,,0.0,,0.0,C/1B/UTIL
100355-79230,OF,Bryan,Bryan Reynolds,Reynolds,11.10344827586207,145.0,3500,PIT@MIA,PIT,MIA,DTD,Back,0.0,,0.0,OF/UTIL
100355-13929,3B,Manny,Manny Machado,Machado,20.549999237060547,2.0,3500,SF@SD,SD,SF,,,0.0,,0.0,3B/UTIL
100355-39086,OF,Byron,Byron Buxton,Buxton,10.160464974336843,86.0,3400,MIN@KC,MIN,KC,,,0.0,,0.0,OF/UTIL
100355-23107,OF,Jorge,Jorge Soler,Soler,10.84820161448966,139.0,3400,SF@SD,SF,SD,,,0.0,,0.0,OF/UTIL
100355-68522,3B,Alex,Alex Bregman,Bregman,11.424999858057776,172.0,3400,NYY@HOU,HOU,NYY,,,0.0,,0.0,3B/UTIL
100355-85504,2B,Brandon,Brandon Lowe,Lowe,10.40917408794438,109.0,3400,TOR@TB,TB,TOR,,,0.0,,0.0,2B/UTIL
100355-79401,C,Will,Will Smith,Smith,15.600000381469728,2.0,3400,STL@LAD,LAD,STL,,,0.0,,0.0,C/1B/UTIL
100355-165513,3B/SS,Elly,Elly De La Cruz,De La Cruz,11.902041065449618,98.0,3400,WSH@CIN,CIN,WSH,,,0.0,,0.0,3B/SS/UTIL
100355-102389,SS,Oneil,Oneil Cruz,Cruz,12.377777947319878,9.0,3400,PIT@MIA,PIT,MIA,,,0.0,,0.0,SS/UTIL
100355-102415,2B/3B,Nolan,Nolan Gorman,Gorman,10.477311334690128,119.0,3300,STL@LAD,STL,LAD,,,0.0,,0.0,2B/3B/UTIL
100355-135203,1B,Spencer,Spencer Torkelson,Torkelson,10.42515707915684,159.0,3300,DET@CWS,DET,CWS,,,0.0,,0.0,C/1B/UTIL
100355-82527,OF,Jazz,Jazz Chisholm Jr.,Chisholm Jr.,10.47979797979798,99.0,3300,PIT@MIA,MIA,PIT,,,0.0,,0.0,OF/UTIL
100355-82654,SS,Bo,Bo Bichette,Bichette,10.375912408759124,137.0,3300,TOR@TB,TOR,TB,,,0.0,,0.0,SS/UTIL
100355-82734,OF,Luis,Luis Robert Jr.,Robert Jr.,11.73793103448276,145.0,3300,DET@CWS,CWS,DET,,,0.0,,0.0,OF/UTIL
100355-37982,SS,Xander,Xander Bogaerts,Bogaerts,17.549999237060547,2.0,3300,SF@SD,SD,SF,,,0.0,,0.0,SS/UTIL
100355-13719,3B,Nolan,Nolan Arenado,Arenado,10.234027438693577,144.0,3300,STL@LAD,STL,LAD,,,0.0,,0.0,3B/UTIL
100355-79257,OF,Josh,Josh Lowe,Lowe,10.97029003198596,138.0,3300,TOR@TB,TB,TOR,O,Oblique,0.0,,0.0,OF/UTIL
100355-16983,OF,George,George Springer,Springer,10.226923233423475,156.0,3200,TOR@TB,TOR,TB,,,0.0,,0.0,OF/UTIL
100355-119410,SS,CJ,CJ Abrams,Abrams,10.61324487143005,151.0,3200,WSH@CIN,WSH,CIN,,,0.0,,0.0,SS/UTIL
100355-82613,2B/SS,Thairo,Thairo Estrada,Estrada,10.268067432050945,119.0,3200,SF@SD,SF,SD,,,0.0,,0.0,2B/SS/UTIL
100355-68588,2B,Gleyber,Gleyber Torres,Torres,10.278481012658228,158.0,3200,NYY@HOU,NYY,HOU,,,0.0,,0.0,2B/UTIL
100355-13342,OF,Nick,Nick Castellanos,Castellanos,10.862940889246325,170.0,3200,ATL@PHI,PHI,ATL,,,0.0,,0.0,OF/UTIL
100355-179272,OF/1B,Spencer,Spencer Steer,Steer,10.735897748898235,156.0,3200,WSH@CIN,CIN,WSH,,,0.0,,0.0,C/1B/OF/UTIL
100355-79082,1B,Ryan,Ryan Mountcastle,Mountcastle,9.966101694915254,118.0,3200,LAA@BAL,BAL,LAA,,,0.0,,0.0,C/1B/UTIL
100355-101844,OF,Lane,Lane Thomas,Thomas,11.256050644406848,157.0,3200,WSH@CIN,WSH,CIN,,,0.0,,0.0,OF/UTIL
100355-102370,3B/1B,Alec,Alec Bohm,Bohm,10.014557271064085,158.0,3200,ATL@PHI,PHI,ATL,,,0.0,,0.0,C/1B/3B/UTIL
100355-119343,OF,Riley,Riley Greene,Greene,9.59292941623264,99.0,3100,DET@CWS,DET,CWS,,,0.0,,0.0,OF/UTIL
100355-82574,3B/1B,Isaac,Isaac Paredes,Paredes,10.635861732219828,145.0,3100,TOR@TB,TB,TOR,,,0.0,,0.0,C/1B/3B/UTIL
100355-17086,OF,Marcell,Marcell Ozuna,Ozuna,11.5,148.0,3100,ATL@PHI,ATL,PHI,,,0.0,,0.0,OF/UTIL
100355-82624,C,Sean,Sean Murphy,Murphy,10.763636363636364,110.0,3100,ATL@PHI,ATL,PHI,,,0.0,,0.0,C/1B/UTIL
100355-38614,SS,Carlos,Carlos Correa,Correa,9.097162774268616,141.0,3100,MIN@KC,MIN,KC,,,0.0,,0.0,SS/UTIL
100355-102296,OF,TJ,TJ Friedl,Friedl,10.736231707144476,138.0,3100,WSH@CIN,CIN,WSH,O,Wrist,0.0,,0.0,OF/UTIL
100355-176691,OF,Kerry,Kerry Carpenter,Carpenter,9.692437179950105,119.0,3000,DET@CWS,DET,CWS,,,0.0,,0.0,OF/UTIL
100355-82536,OF,Cedric,Cedric Mullins,Mullins,9.850419757746849,119.0,3000,LAA@BAL,BAL,LAA,,,0.0,,0.0,OF/UTIL
100355-119405,2B,Bryson,Bryson Stott,Stott,10.122560826743522,164.0,3000,ATL@PHI,PHI,ATL,,,0.0,,0.0,2B/UTIL
100355-82570,3B,Jake,Jake Burger,Burger,9.903496162041083,143.0,3000,PIT@MIA,MIA,PIT,,,0.0,,0.0,3B/UTIL
100355-119495,1B,Andrew,Andrew Vaughn,Vaughn,8.976315950092516,152.0,3000,DET@CWS,CWS,DET,,,0.0,,0.0,C/1B/UTIL
100355-183187,1B,Christian,Christian Encarnacion-Strand,Encarnacion-Strand,9.671428377666173,63.0,3000,WSH@CIN,CIN,WSH,,,0.0,,0.0,C/1B/UTIL
100355-79151,OF,Taylor,Taylor Ward,Ward,10.015463917525771,97.0,3000,LAA@BAL,LAA,BAL,,,0.0,,0.0,OF/UTIL
100355-73023,OF,Teoscar,Teoscar Hernandez,Hernandez,7.699999809265137,2.0,3000,STL@LAD,LAD,STL,,,0.0,,0.0,OF/UTIL
100355-101827,2B,Luis,Luis Arraez,Arraez,9.487919135381713,149.0,3000,PIT@MIA,MIA,PIT,,,0.0,,0.0,2B/UTIL
100355-136672,OF,Michael,Michael Harris II,Harris II,9.68802782515405,142.0,3000,ATL@PHI,ATL,PHI,,,0.0,,0.0,OF/UTIL
100355-165571,1B,Vinnie,Vinnie Pasquantino,Pasquantino,9.045901439228995,61.0,3000,MIN@KC,KC,MIN,,,0.0,,0.0,C/1B/UTIL
100355-12302,OF,Giancarlo,Giancarlo Stanton,Stanton,9.35247500580136,101.0,2900,NYY@HOU,NYY,HOU,,,0.0,,0.0,OF/UTIL
100355-135216,OF,Chas,Chas McCormick,McCormick,10.828,125.0,2900,NYY@HOU,HOU,NYY,,,0.0,,0.0,OF/UTIL
100355-6312,1B/3B,Justin,Justin Turner,Turner,10.843835281999144,146.0,2900,TOR@TB,TOR,TB,,,0.0,,0.0,C/1B/3B/UTIL
100355-12940,1B,Anthony,Anthony Rizzo,Rizzo,8.6010101010101,99.0,2900,NYY@HOU,NYY,HOU,,,0.0,,0.0,C/1B/UTIL
100355-53994,1B,Josh,Josh Bell,Bell,8.763815628854852,152.0,2900,PIT@MIA,MIA,PIT,,,0.0,,0.0,C/1B/UTIL
100355-146160,2B/3B/SS,Ha-Seong,Ha-Seong Kim,Kim,7.75,2.0,2900,SF@SD,SD,SF,,,0.0,,0.0,2B/3B/SS/UTIL
100355-13266,C,Salvador,Salvador Perez,Perez,8.89857177734375,140.0,2900,MIN@KC,KC,MIN,,,0.0,,0.0,C/1B/UTIL
100355-193598,1B,Nolan,Nolan Schanuel,Schanuel,8.924137510102371,29.0,2900,LAA@BAL,LAA,BAL,,,0.0,,0.0,C/1B/UTIL
100355-154711,OF,Lars,Lars Nootbaar,Nootbaar,10.400000417334402,117.0,2900,STL@LAD,STL,LAD,O,Ribs,0.0,,0.0,OF/UTIL
100355-79216,3B,Ke'Bryan,Ke'Bryan Hayes,Hayes,9.97983870967742,124.0,2900,PIT@MIA,PIT,MIA,,,0.0,,0.0,3B/UTIL
100355-21875,OF,Max,Max Kepler,Kepler,9.39411746754366,136.0,2900,MIN@KC,MIN,KC,,,0.0,,0.0,OF/UTIL
100355-71182,3B,Jeimer,Jeimer Candelario,Candelario,10.367143031529018,140.0,2900,WSH@CIN,CIN,WSH,,,0.0,,0.0,3B/UTIL
100355-181814,2B,Edouard,Edouard Julien,Julien,9.225217603600544,115.0,2900,MIN@KC,MIN,KC,,,0.0,,0.0,2B/UTIL
100355-163696,OF,Jack,Jack Suwinski,Suwinski,9.656944274902344,144.0,2900,PIT@MIA,PIT,MIA,,,0.0,,0.0,OF/UTIL
100355-108450,SS/2B/OF,Tommy,Tommy Edman,Edman,9.097080648380476,137.0,2900,STL@LAD,STL,LAD,O,Wrist,0.0,,0.0,2B/SS/OF/UTIL
100355-102325,OF,Parker,Parker Meadows,Meadows,9.440540210620776,37.0,2900,DET@CWS,DET,CWS,,,0.0,,0.0,OF/UTIL
100355-81953,OF,Austin,Austin Hays,Hays,9.148979757918791,147.0,2800,LAA@BAL,BAL,LAA,,,0.0,,0.0,OF/UTIL
100355-135260,C,Logan,Logan O'Hoppe,O'Hoppe,9.727451100068931,51.0,2800,LAA@BAL,LAA,BAL,,,0.0,,0.0,C/1B/UTIL
100355-102550,C,Luis,Luis Campusano,Campusano,14.199999809265137,2.0,2800,SF@SD,SD,SF,,,0.0,,0.0,C/1B/UTIL
100355-49523,1B,Jose,Jose Abreu,Abreu,9.467762997275903,152.0,2800,NYY@HOU,HOU,NYY,,,0.0,,0.0,C/1B/UTIL
100355-119345,SS,Jeremy,Jeremy Pena,Pena,8.53975170443517,161.0,2800,NYY@HOU,HOU,NYY,,,0.0,,0.0,SS/UTIL
100355-82553,OF,Jose,Jose Siri,Siri,10.005882113587624,102.0,2800,TOR@TB,TB,TOR,,,0.0,,0.0,OF/UTIL
100355-82586,OF,MJ,MJ Melendez,Melendez,8.587837837837839,148.0,2800,MIN@KC,KC,MIN,,,0.0,,0.0,OF/UTIL
100355-60642,OF,Michael,Michael Conforto,Conforto,8.524999803112399,124.0,2800,SF@SD,SF,SD,,,0.0,,0.0,OF/UTIL
100355-79093,OF,Eloy,Eloy Jimenez,Jimenez,9.0,120.0,2800,DET@CWS,CWS,DET,,,0.0,,0.0,OF/UTIL
100355-13567,3B/1B,DJ,DJ LeMahieu,LeMahieu,8.183823529411764,136.0,2800,NYY@HOU,NYY,HOU,O,Foot,0.0,,0.0,C/1B/3B/UTIL
100355-85268,1B,Joey,Joey Meneses,Meneses,9.108441241375813,154.0,2800,WSH@CIN,WSH,CIN,,,0.0,,0.0,C/1B/UTIL
100355-79160,OF,Alex,Alex Verdugo,Verdugo,9.30422500825264,142.0,2800,NYY@HOU,NYY,HOU,,,0.0,,0.0,OF/UTIL
100355-79211,OF,Mickey,Mickey Moniak,Moniak,9.452941176470588,85.0,2800,LAA@BAL,LAA,BAL,,,0.0,,0.0,OF/UTIL
100355-101787,1B,LaMonte,LaMonte Wade Jr.,Wade Jr.,8.614179468866604,134.0,2800,SF@SD,SF,SD,,,0.0,,0.0,C/1B/UTIL
100355-118210,1B/2B,Jake,Jake Cronenworth,Cronenworth,20.700000762939453,2.0,2800,SF@SD,SD,SF,,,0.0,,0.0,C/1B/2B/UTIL
100355-165654,C/OF,Henry,Henry Davis,Davis,8.26451652280746,62.0,2800,PIT@MIA,PIT,MIA,,,0.0,,0.0,C/1B/OF/UTIL
100355-53033,OF,Mike,Mike Yastrzemski,Yastrzemski,8.702857026599702,105.0,2800,SF@SD,SF,SD,,,0.0,,0.0,OF/UTIL
100355-163691,OF,James,James Outman,Outman,10.949999809265137,2.0,2800,STL@LAD,LAD,STL,,,0.0,,0.0,OF/UTIL
100355-102308,2B,Jonathan,Jonathan India,India,10.975630046940651,119.0,2800,WSH@CIN,CIN,WSH,,,0.0,,0.0,2B/UTIL
100355-102398,OF,Jarred,Jarred Kelenic,Kelenic,9.374285598028274,105.0,2800,ATL@PHI,ATL,PHI,,,0.0,,0.0,OF/UTIL
100355-135190,SS/3B/2B,Taylor,Taylor Walls,Walls,8.534653465346535,101.0,2700,TOR@TB,TB,TOR,O,Hip,0.0,,0.0,2B/3B/SS/UTIL
100355-12310,1B,Carlos,Carlos Santana,Santana,10.19121654613598,148.0,2700,MIN@KC,MIN,KC,,,0.0,,0.0,C/1B/UTIL
100355-102452,OF,Nelson,Nelson Velazquez,Velazquez,10.641509433962264,53.0,2700,MIN@KC,KC,MIN,,,0.0,,0.0,OF/UTIL
100355-157797,OF,Bryan,Bryan De La Cruz,De La Cruz,8.616129032258064,155.0,2700,PIT@MIA,MIA,PIT,,,0.0,,0.0,OF/UTIL
100355-61553,3B,Yoan,Yoan Moncada,Moncada,8.291304215140965,92.0,2700,DET@CWS,CWS,DET,,,0.0,,0.0,3B/UTIL
100355-135364,OF,Jordan,Jordan Walker,Walker,9.176922659588676,117.0,2700,STL@LAD,STL,LAD,,,0.0,,0.0,OF/UTIL
100355-16951,3B,Anthony,Anthony Rendon,Rendon,9.223255955895713,43.0,2700,LAA@BAL,LAA,BAL,,,0.0,,0.0,3B/UTIL
100355-119377,OF,Matt,Matt Wallner,Wallner,9.285184883777006,81.0,2700,MIN@KC,MIN,KC,,,0.0,,0.0,OF/UTIL
100355-82533,OF,Daulton,Daulton Varsho,Varsho,7.996875,160.0,2700,TOR@TB,TOR,TB,DTD,Personal,0.0,,0.0,OF/UTIL
100355-21172,1B/2B,Brandon,Brandon Drury,Drury,10.461599609375,125.0,2700,LAA@BAL,LAA,BAL,,,0.0,,0.0,C/1B/2B/UTIL
100355-68495,OF,Andrew,Andrew Benintendi,Benintendi,8.151655790821605,151.0,2700,DET@CWS,CWS,DET,,,0.0,,0.0,OF/UTIL
100355-70562,2B/OF,Whit,Whit Merrifield,Merrifield,9.174829599808673,147.0,2700,ATL@PHI,PHI,ATL,,,0.0,,0.0,2B/OF/UTIL
100355-79119,OF,Will,Will Benson,Benson,8.682407520435474,108.0,2700,WSH@CIN,CIN,WSH,,,0.0,,0.0,OF/UTIL
100355-79141,1B/OF,Ryan,Ryan O'Hearn,O'Hearn,8.248695439877718,115.0,2700,LAA@BAL,BAL,LAA,,,0.0,,0.0,C/1B/OF/UTIL
100355-79154,OF,Brandon,Brandon Marsh,Marsh,8.993103448275862,145.0,2700,ATL@PHI,PHI,ATL,,,0.0,,0.0,OF/UTIL
100355-13638,1B,Wilmer,Wilmer Flores,Flores,8.961599609375,125.0,2700,SF@SD,SF,SD,,,0.0,,0.0,C/1B/UTIL
100355-79188,1B/OF,Alex,Alex Kirilloff,Kirilloff,8.03763440860215,93.0,2700,MIN@KC,MIN,KC,,,0.0,,0.0,C/1B/OF/UTIL
100355-21890,SS,Orlando,Orlando Arcia,Arcia,8.37902063756556,143.0,2700,ATL@PHI,ATL,PHI,,,0.0,,0.0,SS/UTIL
100355-79277,1B,Rowdy,Rowdy Tellez,Tellez,6.638679360443691,106.0,2700,PIT@MIA,PIT,MIA,,,0.0,,0.0,C/1B/UTIL
100355-163706,2B/1B/OF,Brendan,Brendan Donovan,Donovan,8.869473427220395,95.0,2700,STL@LAD,STL,LAD,,,0.0,,0.0,C/1B/2B/OF/UTIL
100355-198539,OF,Jung Hoo,Jung Hoo Lee,Lee,0.0,0.0,2700,SF@SD,SF,SD,,,0.0,,0.0,OF/UTIL
100355-192426,2B,Davis,Davis Schneider,Schneider,12.417143031529015,35.0,2700,TOR@TB,TOR,TB,,,0.0,,0.0,2B/UTIL
100355-102591,OF,Jake,Jake Fraley,Fraley,9.55585541596284,111.0,2600,WSH@CIN,CIN,WSH,,,0.0,,0.0,OF/UTIL
100355-119368,C,Ryan,Ryan Jeffers,Jeffers,8.600971110816142,103.0,2600,MIN@KC,MIN,KC,,,0.0,,0.0,C/1B/UTIL
100355-119444,C,Alejandro,Alejandro Kirk,Kirk,6.51439990234375,125.0,2600,TOR@TB,TOR,TB,,,0.0,,0.0,C/1B/UTIL
100355-82644,OF,Jesus,Jesus Sanchez,Sanchez,7.395312309265137,128.0,2600,PIT@MIA,MIA,PIT,,,0.0,,0.0,OF/UTIL
100355-82655,C,Danny,Danny Jansen,Jansen,9.1523252975109,86.0,2600,TOR@TB,TOR,TB,O,Wrist,0.0,,0.0,C/1B/UTIL
100355-82660,2B,Luis,Luis Garcia Jr.,Garcia Jr.,8.370491903336323,122.0,2600,WSH@CIN,WSH,CIN,,,0.0,,0.0,2B/UTIL
100355-53993,OF,Harold,Harold Ramirez,Ramirez,8.811290125693045,124.0,2600,TOR@TB,TB,TOR,,,0.0,,0.0,OF/UTIL
100355-54068,OF,Hunter,Hunter Renfroe,Renfroe,8.314285714285715,140.0,2600,MIN@KC,KC,MIN,,,0.0,,0.0,OF/UTIL
100355-68544,3B,Matt,Matt Chapman,Chapman,9.071830642055458,142.0,2600,SF@SD,SF,SD,,,0.0,,0.0,3B/UTIL
100355-13262,OF,Jurickson,Jurickson Profar,Profar,4.5,2.0,2600,SF@SD,SD,SF,,,0.0,,0.0,OF/UTIL
100355-21666,OF/1B,Mark,Mark Canha,Canha,8.356028022495567,141.0,2600,DET@CWS,DET,CWS,,,0.0,,0.0,C/1B/OF/UTIL
100355-146667,SS,Jordan,Jordan Westburg,Westburg,7.128169100049516,71.0,2600,LAA@BAL,BAL,LAA,,,0.0,,0.0,SS/UTIL
100355-79110,C,Tyler,Tyler Stephenson,Stephenson,7.505634146676937,142.0,2600,WSH@CIN,CIN,WSH,,,0.0,,0.0,C/1B/UTIL
100355-79165,2B,Gavin,Gavin Lux,Lux,7.800000190734863,2.0,2600,STL@LAD,LAD,STL,,,0.0,,0.0,2B/UTIL
100355-197967,SS,Jackson,Jackson Holliday,Holliday,0.0,0.0,2600,LAA@BAL,BAL,LAA,,,0.0,,0.0,SS/UTIL
100355-21887,C,Willson,Willson Contreras,Contreras,9.908,125.0,2600,STL@LAD,STL,LAD,,,0.0,,0.0,C/1B/UTIL
100355-38561,OF/3B/SS,Chris,Chris Taylor,Taylor,8.547499593098959,120.0,2600,STL@LAD,LAD,STL,,,0.0,,0.0,3B/SS/OF/UTIL
100355-165559,C,Yainer,Yainer Diaz,Diaz,9.01261283255912,111.0,2600,NYY@HOU,HOU,NYY,,,0.0,,0.0,C/1B/UTIL
100355-102485,OF,Kyle,Kyle Isbel,Isbel,7.604395604395604,91.0,2500,MIN@KC,KC,MIN,,,0.0,,0.0,OF/UTIL
100355-135282,OF,Joshua,Joshua Palacios,Palacios,6.606593540736607,91.0,2500,PIT@MIA,PIT,MIA,,,0.0,,0.0,OF/UTIL
100355-119396,SS,Anthony,Anthony Volpe,Volpe,8.455346065497249,159.0,2500,NYY@HOU,NYY,HOU,,,0.0,,0.0,SS/UTIL
100355-82580,OF,Jo,Jo Adell,Adell,8.199999640969668,17.0,2500,LAA@BAL,LAA,BAL,,,0.0,,0.0,OF/UTIL
100355-13099,C,Travis,Travis d'Arnaud,d'Arnaud,8.4532470703125,77.0,2500,ATL@PHI,ATL,PHI,,,0.0,,0.0,C/1B/UTIL
100355-52157,C,Tom,Tom Murphy,Murphy,8.240425272190825,47.0,2500,SF@SD,SF,SD,,,0.0,,0.0,C/1B/UTIL
100355-185300,SS,Zach,Zach Neto,Neto,8.399999709356399,84.0,2500,LAA@BAL,LAA,BAL,,,0.0,,0.0,SS/UTIL
100355-38040,OF,Eddie,Eddie Rosario,Rosario,8.400000332164115,147.0,2500,WSH@CIN,WSH,CIN,,,0.0,,0.0,OF/UTIL
100355-60672,SS,Tim,Tim Anderson,Anderson,6.96666686515498,123.0,2500,PIT@MIA,MIA,PIT,,,0.0,,0.0,SS/UTIL
100355-79108,OF/3B,Nick,Nick Senzel,Senzel,7.507692190317007,104.0,2500,WSH@CIN,WSH,CIN,,,0.0,,0.0,3B/OF/UTIL
100355-136504,C,Patrick,Patrick Bailey,Bailey,7.089583079020183,96.0,2500,SF@SD,SF,SD,,,0.0,,0.0,C/1B/UTIL
100355-79181,2B/SS/OF,Mauricio,Mauricio Dubon,Dubon,8.062857491629464,140.0,2500,NYY@HOU,HOU,NYY,,,0.0,,0.0,2B/SS/OF/UTIL
100355-5456,OF,Andrew,Andrew McCutchen,McCutchen,9.772321428571429,112.0,2500,PIT@MIA,PIT,MIA,,,0.0,,0.0,OF/UTIL
100355-197982,OF,Dylan,Dylan Crews,Crews,0.0,0.0,2500,WSH@CIN,WSH,CIN,,,0.0,,0.0,OF/UTIL
100355-21885,SS,Javier,Javier Baez,Baez,7.802205702837775,136.0,2500,DET@CWS,DET,CWS,,,0.0,,0.0,SS/UTIL
100355-38321,1B/OF,Joey,Joey Gallo,Gallo,7.142342232369088,111.0,2500,WSH@CIN,WSH,CIN,,,0.0,,0.0,C/1B/OF/UTIL
100355-118218,2B/3B,Zach,Zach McKinstry,McKinstry,7.070945945945946,148.0,2500,DET@CWS,DET,CWS,,,0.0,,0.0,2B/3B/UTIL
100355-101841,OF,Edward,Edward Olivares,Olivares,8.499065648729555,107.0,2500,PIT@MIA,PIT,MIA,,,0.0,,0.0,OF/UTIL
100355-101850,3B/2B/1B,Ramon,Ramon Urias,Urias,7.0256410256410255,117.0,2500,LAA@BAL,BAL,LAA,,,0.0,,0.0,C/1B/2B/3B/UTIL
100355-79400,OF,Dylan,Dylan Carlson,Carlson,6.8013161107113485,76.0,2500,STL@LAD,STL,LAD,DTD,Shoulder,0.0,,0.0,OF/UTIL
100355-13961,OF,Kevin,Kevin Kiermaier,Kiermaier,7.420610500656012,131.0,2500,TOR@TB,TOR,TB,,,0.0,,0.0,OF/UTIL
100355-102362,OF,Trevor,Trevor Larnach,Larnach,9.279310555293645,58.0,2500,MIN@KC,MIN,KC,,,0.0,,0.0,OF/UTIL
100355-135218,OF,Jake,Jake Meyers,Meyers,6.490178789411273,112.0,2400,NYY@HOU,HOU,NYY,,,0.0,,0.0,OF/UTIL
100355-135246,OF,Dominic,Dominic Fletcher,Fletcher,8.035714285714286,28.0,2400,DET@CWS,CWS,DET,,,0.0,,0.0,OF/UTIL
100355-135366,SS,Masyn,Masyn Winn,Winn,5.313513678473395,37.0,2400,STL@LAD,STL,LAD,,,0.0,,0.0,SS/UTIL
100355-80462,SS,Paul,Paul DeJong,DeJong,6.866666776639921,111.0,2400,DET@CWS,CWS,DET,,,0.0,,0.0,SS/UTIL
100355-119408,2B/OF,Ji Hwan,Ji Hwan Bae,Bae,7.5387386287654845,111.0,2400,PIT@MIA,PIT,MIA,O,Hip,0.0,,0.0,2B/OF/UTIL
100355-82593,C,Keibert,Keibert Ruiz,Ruiz,8.599264705882353,136.0,2400,WSH@CIN,WSH,CIN,,,0.0,,0.0,C/1B/UTIL
100355-82596,C,Jake,Jake Rogers,Rogers,7.98055578161169,108.0,2400,DET@CWS,DET,CWS,,,0.0,,0.0,C/1B/UTIL
100355-11129,OF,Jason,Jason Heyward,Heyward,11.300000190734863,2.0,2400,STL@LAD,LAD,STL,,,0.0,,0.0,OF/UTIL
100355-80848,C,Victor,Victor Caratini,Caratini,7.366666763547867,63.0,2400,NYY@HOU,HOU,NYY,,,0.0,,0.0,C/1B/UTIL
100355-173078,OF,Alex,Alex Call,Call,6.614062309265137,128.0,2400,WSH@CIN,WSH,CIN,,,0.0,,0.0,OF/UTIL
100355-13436,C,Max,Max Stassi,Stassi,0.0,0.0,2400,DET@CWS,CWS,DET,IL,Hip,0.0,,0.0,C/1B/UTIL
100355-54401,OF,Manuel,Manuel Margot,Margot,7.24554443359375,101.0,2400,MIN@KC,MIN,KC,,,0.0,,0.0,OF/UTIL
100355-85277,2B/1B,Cavan,Cavan Biggio,Biggio,7.148672458344856,113.0,2400,TOR@TB,TOR,TB,,,0.0,,0.0,C/1B/2B/UTIL
100355-146716,C,Austin,Austin Wells,Wells,9.584210847553454,19.0,2400,NYY@HOU,NYY,HOU,,,0.0,,0.0,C/1B/UTIL
100355-79175,OF,Trent,Trent Grisham,Grisham,7.93725506152982,153.0,2400,NYY@HOU,NYY,HOU,,,0.0,,0.0,OF/UTIL
100355-13858,C,Christian,Christian Vazquez,Vazquez,6.047058703852635,102.0,2400,MIN@KC,MIN,KC,,,0.0,,0.0,C/1B/UTIL
100355-165557,3B,Colt,Colt Keith,Keith,0.0,0.0,2400,DET@CWS,DET,CWS,,,0.0,,0.0,3B/UTIL
100355-165648,OF,Johan,Johan Rojas,Rojas,6.815277947319879,72.0,2400,ATL@PHI,PHI,ATL,,,0.0,,0.0,OF/UTIL
100355-165693,OF/1B,Alec,Alec Burleson,Burleson,6.540186801803446,107.0,2400,STL@LAD,STL,LAD,,,0.0,,0.0,C/1B/OF/UTIL
100355-163662,2B,Jonathan,Jonathan Aranda,Aranda,6.5171430315290175,35.0,2400,TOR@TB,TB,TOR,O,Finger,0.0,,0.0,2B/UTIL
100355-163668,OF,Richie,Richie Palacios,Palacios,8.181249618530273,32.0,2400,TOR@TB,TB,TOR,,,0.0,,0.0,OF/UTIL
100355-102288,OF,Drew,Drew Waters,Waters,7.897959183673469,98.0,2400,MIN@KC,KC,MIN,,,0.0,,0.0,OF/UTIL
100355-102403,SS,Marco,Marco Luciano,Luciano,5.2000002179827005,14.0,2300,SF@SD,SF,SD,,,0.0,,0.0,SS/UTIL
100355-84471,OF,Nick,Nick Martini,Martini,8.10344827586207,29.0,2300,WSH@CIN,CIN,WSH,,,0.0,,0.0,OF/UTIL
100355-80485,OF,Austin,Austin Slater,Slater,5.009090770374645,88.0,2300,SF@SD,SF,SD,,,0.0,,0.0,OF/UTIL
100355-82569,1B/OF,Gavin,Gavin Sheets,Sheets,5.33305074400821,118.0,2300,DET@CWS,CWS,DET,,,0.0,,0.0,C/1B/OF/UTIL
100355-82611,OF,Akil,Akil Baddoo,Baddoo,7.1875,112.0,2300,DET@CWS,DET,CWS,,,0.0,,0.0,OF/UTIL
100355-12985,OF,Avisail,Avisail Garcia,Garcia,5.556756921716638,37.0,2300,PIT@MIA,MIA,PIT,,,0.0,,0.0,OF/UTIL
100355-17171,C,James,James McCann,McCann,6.642857142857143,70.0,2300,LAA@BAL,BAL,LAA,,,0.0,,0.0,C/1B/UTIL
100355-154422,OF,Matt,Matt Vierling,Vierling,8.183581907357743,134.0,2300,DET@CWS,DET,CWS,,,0.0,,0.0,OF/UTIL
100355-119634,SS/2B,Liover,Liover Peguero,Peguero,7.664406986559852,59.0,2300,PIT@MIA,PIT,MIA,,,0.0,,0.0,2B/SS/UTIL
100355-101276,SS/2B/3B,Jon,Jon Berti,Berti,7.0674072265625,135.0,2300,PIT@MIA,MIA,PIT,,,0.0,,0.0,2B/3B/SS/UTIL
100355-13253,C,Martin,Martin Maldonado,Maldonado,5.8515625,128.0,2300,DET@CWS,CWS,DET,,,0.0,,0.0,C/1B/UTIL
100355-68563,OF,Victor,Victor Robles,Robles,7.944444444444445,36.0,2300,WSH@CIN,WSH,CIN,,,0.0,,0.0,OF/UTIL
100355-185303,3B/2B/SS,Jose,Jose Caballero,Caballero,6.946154080904448,104.0,2300,TOR@TB,TB,TOR,,,0.0,,0.0,2B/3B/SS/UTIL
100355-80852,2B/SS/3B,Ildemaro,Ildemaro Vargas,Vargas,6.458620970276581,87.0,2300,WSH@CIN,WSH,CIN,,,0.0,,0.0,2B/3B/SS/UTIL
100355-68589,SS,Amed,Amed Rosario,Rosario,8.394366197183098,142.0,2300,TOR@TB,TB,TOR,,,0.0,,0.0,SS/UTIL
100355-13303,C,Yasmani,Yasmani Grandal,Grandal,6.017796403270657,118.0,2300,PIT@MIA,PIT,MIA,O,Foot,0.0,,0.0,C/1B/UTIL
100355-11322,1B/3B,Mike,Mike Moustakas,Moustakas,7.121428353445871,112.0,2300,DET@CWS,CWS,DET,,,0.0,,0.0,C/1B/3B/UTIL
100355-146666,OF,Heston,Heston Kjerstad,Kjerstad,5.238461421086238,13.0,2300,LAA@BAL,BAL,LAA,,,0.0,,0.0,OF/UTIL
100355-146690,3B,Nick,Nick Loftin,Loftin,9.210526315789474,19.0,2300,MIN@KC,KC,MIN,,,0.0,,0.0,3B/UTIL
100355-79130,OF,Jose,Jose Azocar,Azocar,3.0999999046325684,2.0,2300,SF@SD,SD,SF,,,0.0,,0.0,OF/UTIL
100355-79164,OF,Stone,Stone Garrett,Garrett,7.797752808988764,89.0,2300,WSH@CIN,WSH,CIN,O,Lower leg,0.0,,0.0,OF/UTIL
100355-193863,OF,Jacob,Jacob Young,Young,8.781817811908144,33.0,2300,WSH@CIN,WSH,CIN,,,0.0,,0.0,OF/UTIL
100355-5488,1B,Joey,Joey Votto,Votto,9.04923095703125,65.0,2300,TOR@TB,TOR,TB,O,Ankle,0.0,,0.0,C/1B/UTIL
100355-38282,1B,Daniel,Daniel Vogelbach,Vogelbach,7.101922842172476,104.0,2300,TOR@TB,TOR,TB,,,0.0,,0.0,C/1B/UTIL
100355-79267,3B/OF/2B,Andy,Andy Ibanez,Ibanez,7.200877407140899,114.0,2300,DET@CWS,DET,CWS,,,0.0,,0.0,2B/3B/OF/UTIL
100355-101817,2B/SS/OF,Luis,Luis Rengifo,Rengifo,8.384920634920634,126.0,2300,LAA@BAL,LAA,BAL,,,0.0,,0.0,2B/SS/OF/UTIL
100355-13792,2B/SS/OF,Kike,Kike Hernandez,Hernandez,6.5,1.0,2300,STL@LAD,LAD,STL,,,0.0,,0.0,2B/SS/OF/UTIL
100355-101910,1B/OF,Connor,Connor Joe,Joe,7.989473500646147,133.0,2300,PIT@MIA,PIT,MIA,,,0.0,,0.0,C/1B/OF/UTIL
100355-13894,OF,Aaron,Aaron Hicks,Hicks,8.036082474226804,97.0,2300,LAA@BAL,LAA,BAL,,,0.0,,0.0,OF/UTIL
100355-181851,3B,Jared,Jared Triolo,Triolo,9.305555555555555,54.0,2300,PIT@MIA,PIT,MIA,,,0.0,,0.0,3B/UTIL
100355-163513,C,Rene,Rene Pinto,Pinto,5.7317073170731705,41.0,2300,TOR@TB,TB,TOR,,,0.0,,0.0,C/1B/UTIL
100355-181990,C/OF,Blake,Blake Sabol,Sabol,6.873394607403957,109.0,2300,SF@SD,SF,SD,,,0.0,,0.0,C/1B/OF/UTIL
100355-163689,3B/SS,Maikel,Maikel Garcia,Garcia,9.104065437627032,123.0,2300,MIN@KC,KC,MIN,,,0.0,,0.0,3B/SS/UTIL
100355-161677,C,Nick,Nick Fortes,Fortes,5.059999778053977,110.0,2300,PIT@MIA,MIA,PIT,,,0.0,,0.0,C/1B/UTIL
100355-171986,3B,Matthew,Matthew Batten,Batten,6.8441857626271805,43.0,2300,SF@SD,SD,SF,,,0.0,,0.0,3B/UTIL
100355-38872,OF,Jesse,Jesse Winker,Winker,5.471428765190972,63.0,2300,WSH@CIN,WSH,CIN,,,0.0,,0.0,OF/UTIL
100355-102413,1B,Luken,Luken Baker,Baker,5.56969706217448,33.0,2200,STL@LAD,STL,LAD,,,0.0,,0.0,C/1B/UTIL
100355-79918,C,Kyle,Kyle Higashioka,Higashioka,5.782795567666331,93.0,2200,SF@SD,SD,SF,,,0.0,,0.0,C/1B/UTIL
100355-172093,2B,Michael,Michael Stefanic,Stefanic,5.2,25.0,2200,LAA@BAL,LAA,BAL,O,Quadriceps,0.0,,0.0,2B/UTIL
100355-135284,C,Riley,Riley Adams,Adams,7.6022223578559025,45.0,2200,WSH@CIN,WSH,CIN,,,0.0,,0.0,C/1B/UTIL
100355-73871,C,Carson,Carson Kelly,Kelly,4.848077040452224,52.0,2200,DET@CWS,DET,CWS,,,0.0,,0.0,C/1B/UTIL
100355-53401,1B/OF,Trey,Trey Mancini,Mancini,6.36962040768394,79.0,2200,PIT@MIA,MIA,PIT,,,0.0,,0.0,C/1B/OF/UTIL
100355-170350,OF,Dairon,Dairon Blanco,Blanco,6.837680982506794,69.0,2200,MIN@KC,KC,MIN,,,0.0,,0.0,OF/UTIL
100355-119344,SS,Grae,Grae Kessinger,Kessinger,2.5107143947056363,28.0,2200,NYY@HOU,HOU,NYY,DTD,Hamstring,0.0,,0.0,SS/UTIL
100355-82555,3B/SS/OF,Willi,Willi Castro,Castro,8.470991993678435,131.0,2200,MIN@KC,MIN,KC,,,0.0,,0.0,3B/SS/OF/UTIL
100355-82589,OF/1B,Nick,Nick Pratto,Pratto,6.979999743009868,95.0,2200,MIN@KC,KC,MIN,,,0.0,,0.0,C/1B/OF/UTIL
100355-195378,SS,Tyler,Tyler Fitzgerald,Fitzgerald,9.009999847412107,10.0,2200,SF@SD,SF,SD,,,0.0,,0.0,SS/UTIL
100355-119621,OF,Luis,Luis Matos,Matos,5.917333170572917,75.0,2200,SF@SD,SF,SD,,,0.0,,0.0,OF/UTIL
100355-82824,1B,Mike,Mike Ford,Ford,7.457143147786458,84.0,2200,WSH@CIN,CIN,WSH,,,0.0,,0.0,C/1B/UTIL
100355-136090,2B,Nick,Nick Gonzales,Gonzales,6.682856968470982,35.0,2200,PIT@MIA,PIT,MIA,,,0.0,,0.0,2B/UTIL
100355-13326,C,Christian,Christian Bethancourt,Bethancourt,6.45047607421875,105.0,2200,PIT@MIA,MIA,PIT,,,0.0,,0.0,C/1B/UTIL
100355-82977,SS/OF/3B,Isiah,Isiah Kiner-Falefa,Kiner-Falefa,6.588792998215248,116.0,2200,TOR@TB,TOR,TB,,,0.0,,0.0,3B/SS/OF/UTIL
100355-38112,1B/3B/SS,Gio,Gio Urshela,Urshela,7.183870869298136,62.0,2200,DET@CWS,DET,CWS,,,0.0,,0.0,C/1B/3B/SS/UTIL
100355-83173,C,Jose,Jose Trevino,Trevino,5.045454545454546,55.0,2200,NYY@HOU,NYY,HOU,,,0.0,,0.0,C/1B/UTIL
100355-70898,2B/OF,Adam,Adam Frazier,Frazier,7.425175166630245,143.0,2200,MIN@KC,KC,MIN,,,0.0,,0.0,2B/OF/UTIL
100355-79128,C,Garrett,Garrett Stubbs,Stubbs,5.5,42.0,2200,ATL@PHI,PHI,ATL,,,0.0,,0.0,C/1B/UTIL
100355-79152,C,Matt,Matt Thaiss,Thaiss,6.483158151726974,95.0,2200,LAA@BAL,LAA,BAL,,,0.0,,0.0,C/1B/UTIL
100355-79156,SS,David,David Fletcher,Fletcher,5.224242239287405,33.0,2200,ATL@PHI,ATL,PHI,,,0.0,,0.0,SS/UTIL
100355-79247,3B/SS,Edmundo,Edmundo Sosa,Sosa,6.092452715028007,106.0,2200,ATL@PHI,PHI,ATL,,,0.0,,0.0,3B/SS/UTIL
100355-173548,2B,Michael,Michael Massey,Massey,7.255038948946221,129.0,2200,MIN@KC,KC,MIN,O,Back,0.0,,0.0,2B/UTIL
100355-181806,OF,Jonny,Jonny DeLuca,DeLuca,4.416666666666667,24.0,2200,TOR@TB,TB,TOR,O,Hand,0.0,,0.0,OF/UTIL
100355-179801,1B,Jared,Jared Young,Young,8.600000381469727,16.0,2200,STL@LAD,STL,LAD,,,0.0,,0.0,C/1B/UTIL
100355-81511,2B/3B/SS,Kyle,Kyle Farmer,Farmer,6.959349593495935,123.0,2200,MIN@KC,MIN,KC,,,0.0,,0.0,2B/3B/SS/UTIL
100355-52995,C,Luke,Luke Maile,Maile,5.3961537679036455,78.0,2200,WSH@CIN,CIN,WSH,,,0.0,,0.0,C/1B/UTIL
100355-165666,SS,Jackson,Jackson Merrill,Merrill,7.699999809265137,2.0,2200,SF@SD,SD,SF,,,0.0,,0.0,SS/UTIL
100355-102295,OF,Stuart,Stuart Fairchild,Fairchild,6.338144204051225,97.0,2200,WSH@CIN,CIN,WSH,,,0.0,,0.0,OF/UTIL
100355-102331,3B/2B,Nicky,Nicky Lopez,Lopez,5.509375254313151,96.0,2200,DET@CWS,CWS,DET,,,0.0,,0.0,2B/3B/UTIL
100355-24529,OF,Rafael,Rafael Ortega,Ortega,5.770213025681516,47.0,2200,DET@CWS,CWS,DET,,,0.0,,0.0,OF/UTIL
100355-102393,2B,Xavier,Xavier Edwards,Edwards,5.648387293661794,31.0,2200,PIT@MIA,MIA,PIT,DTD,Foot,0.0,,0.0,2B/UTIL
100355-135194,C,Freddy,Freddy Fermin,Fermin,7.674285888671875,70.0,2100,MIN@KC,KC,MIN,,,0.0,,0.0,C/1B/UTIL
100355-102537,OF,Everson,Everson Pereira,Pereira,6.00740729437934,27.0,2100,NYY@HOU,NYY,HOU,,,0.0,,0.0,OF/UTIL
100355-102577,2B/3B/SS,Santiago,Santiago Espinal,Espinal,5.2712765957446805,94.0,2100,WSH@CIN,CIN,WSH,,,0.0,,0.0,2B/3B/SS/UTIL
100355-16946,1B,Jon,Jon Singleton,Singleton,5.031578867059005,38.0,2100,NYY@HOU,HOU,NYY,,,0.0,,0.0,C/1B/UTIL
100355-119346,C,Korey,Korey Lee,Lee,2.7208334604899087,24.0,2100,DET@CWS,CWS,DET,,,0.0,,0.0,C/1B/UTIL
100355-16948,2B,Kolten,Kolten Wong,Wong,4.905555555555556,90.0,2100,LAA@BAL,BAL,LAA,,,0.0,,0.0,2B/UTIL
100355-119420,C,Ivan,Ivan Herrera,Herrera,7.169230534480168,13.0,2100,STL@LAD,STL,LAD,,,0.0,,0.0,C/1B/UTIL
100355-12961,SS,Brandon,Brandon Crawford,Crawford,6.561290453839046,93.0,2100,STL@LAD,STL,LAD,DTD,Hand,0.0,,0.0,SS/UTIL
100355-82616,2B/3B/SS,Luis,Luis Guillorme,Guillorme,3.725454434481534,55.0,2100,ATL@PHI,ATL,PHI,,,0.0,,0.0,2B/3B/SS/UTIL
100355-162509,1B/OF,Juan,Juan Yepez,Yepez,3.2857142857142856,28.0,2100,WSH@CIN,WSH,CIN,,,0.0,,0.0,C/1B/OF/UTIL
100355-13152,1B,Matt,Matt Carpenter,Carpenter,6.330263238204153,76.0,2100,STL@LAD,STL,LAD,,,0.0,,0.0,C/1B/UTIL
100355-68471,2B/OF,Tony,Tony Kemp,Kemp,6.418548583984375,124.0,2100,WSH@CIN,CIN,WSH,,,0.0,,0.0,2B/OF/UTIL
100355-68593,SS,Jorge,Jorge Mateo,Mateo,7.68319317473083,119.0,2100,LAA@BAL,BAL,LAA,,,0.0,,0.0,SS/UTIL
100355-13390,SS/2B,Miguel,Miguel Rojas,Rojas,6.127343654632568,128.0,2100,STL@LAD,LAD,STL,,,0.0,,0.0,2B/SS/UTIL
100355-60634,OF,Forrest,Forrest Wall,Wall,5.599999820484834,17.0,2100,ATL@PHI,ATL,PHI,,,0.0,,0.0,OF/UTIL
100355-60649,C,Alex,Alex Jackson,Jackson,0.0,0.0,2100,TOR@TB,TB,TOR,,,0.0,,0.0,C/1B/UTIL
100355-181596,SS,Jose,Jose Fermin,Fermin,3.971428644089472,21.0,2100,STL@LAD,STL,LAD,,,0.0,,0.0,SS/UTIL
100355-38297,C,Austin,Austin Barnes,Barnes,4.741666666666666,60.0,2100,STL@LAD,LAD,STL,,,0.0,,0.0,C/1B/UTIL
100355-38299,OF,Kevin,Kevin Pillar,Pillar,5.7999998580577765,86.0,2100,DET@CWS,CWS,DET,,,0.0,,0.0,OF/UTIL
100355-181829,1B,Spencer,Spencer Horwitz,Horwitz,6.7,15.0,2100,TOR@TB,TOR,TB,,,0.0,,0.0,C/1B/UTIL
100355-165701,3B,Curtis,Curtis Mead,Mead,6.899999765249399,26.0,2100,TOR@TB,TB,TOR,,,0.0,,0.0,3B/UTIL
100355-163686,OF,Oswaldo,Oswaldo Cabrera,Cabrera,5.3,115.0,2100,NYY@HOU,NYY,HOU,,,0.0,,0.0,OF/UTIL
100355-102285,OF,Cristian,Cristian Pache,Pache,4.780769348144531,52.0,2100,ATL@PHI,PHI,ATL,,,0.0,,0.0,OF/UTIL
100355-198658,2B,Ronny,Ronny Simon,Simon,0.0,0.0,2000,TOR@TB,TB,TOR,,,0.0,,0.0,2B/UTIL
100355-102406,2B,Vidal,Vidal Brujan,Brujan,4.04864873112859,37.0,2000,PIT@MIA,MIA,PIT,,,0.0,,0.0,2B/UTIL
100355-102418,OF,Eli,Eli White,White,2.533333301544189,6.0,2000,ATL@PHI,ATL,PHI,,,0.0,,0.0,OF/UTIL
100355-102424,SS,Kevin,Kevin Smith,Smith,4.948979591836735,49.0,2000,NYY@HOU,NYY,HOU,,,0.0,,0.0,SS/UTIL
100355-79896,C,Luis,Luis Torrens,Torrens,2.8000000401547083,19.0,2000,NYY@HOU,NYY,HOU,,,0.0,,0.0,C/1B/UTIL
100355-135239,2B/SS/3B,Rodolfo,Rodolfo Castro,Castro,5.002174045728601,92.0,2000,ATL@PHI,PHI,ATL,,,0.0,,0.0,2B/3B/SS/UTIL
100355-102518,3B/1B,Jose,Jose Miranda,Miranda,6.072499847412109,40.0,2000,MIN@KC,MIN,KC,,,0.0,,0.0,C/1B/3B/UTIL
100355-178304,2B/OF,David,David Hensley,Hensley,4.23000005086263,30.0,2000,NYY@HOU,HOU,NYY,,,0.0,,0.0,2B/OF/UTIL
100355-116866,2B/SS,Danny,Danny Mendick,Mendick,2.822857230050224,35.0,2000,DET@CWS,CWS,DET,,,0.0,,0.0,2B/SS/UTIL
100355-192649,3B,Weston,Weston Wilson,Wilson,10.375,8.0,2000,ATL@PHI,PHI,ATL,DTD,Hand,0.0,,0.0,3B/UTIL
100355-135305,2B/SS,Tucupita,Tucupita Marcano,Marcano,5.322666829427083,75.0,2000,SF@SD,SD,SF,IL,Knee,0.0,,0.0,2B/SS/UTIL
100355-135310,C,Chadwick,Chadwick Tromp,Tromp,2.616666634877523,6.0,2000,ATL@PHI,ATL,PHI,,,0.0,,0.0,C/1B/UTIL
100355-135314,2B/SS,Ernie,Ernie Clement,Clement,4.7133331298828125,30.0,2000,TOR@TB,TOR,TB,,,0.0,,0.0,2B/SS/UTIL
100355-102555,SS/3B,Noelvi,Noelvi Marte,Marte,9.128571428571428,35.0,2000,WSH@CIN,CIN,WSH,,Suspension,0.0,,0.0,3B/SS/UTIL
100355-184479,OF,Corey,Corey Julks,Julks,7.543010752688172,93.0,2000,NYY@HOU,HOU,NYY,,,0.0,,0.0,OF/UTIL
100355-184480,C,Cesar,Cesar Salazar,Salazar,0.938461523789626,13.0,2000,NYY@HOU,HOU,NYY,,,0.0,,0.0,C/1B/UTIL
100355-172216,3B/2B,David,David Villar,Villar,5.608695652173913,46.0,2000,SF@SD,SF,SD,,,0.0,,0.0,2B/3B/UTIL
100355-145611,SS/2B/3B,Oswald,Oswald Peraza,Peraza,6.076923076923077,52.0,2000,NYY@HOU,NYY,HOU,O,Shoulder,0.0,,0.0,2B/3B/SS/UTIL
100355-198867,C,Samuel,Samuel Basallo,Basallo,0.0,0.0,2000,LAA@BAL,BAL,LAA,O,Elbow,0.0,,0.0,C/1B/UTIL
100355-145618,SS,Otto,Otto Lopez,Lopez,0.0,0.0,2000,SF@SD,SF,SD,,,0.0,,0.0,SS/UTIL
100355-198868,OF,Enrique,Enrique Bradfield Jr.,Bradfield Jr.,0.0,0.0,2000,LAA@BAL,BAL,LAA,,,0.0,,0.0,OF/UTIL
100355-194773,C,Logan,Logan Porter,Porter,6.48181845925071,11.0,2000,MIN@KC,KC,MIN,,,0.0,,0.0,C/1B/UTIL
100355-198878,3B,Sal,Sal Stewart,Stewart,0.0,0.0,2000,WSH@CIN,CIN,WSH,,,0.0,,0.0,3B/UTIL
100355-198884,OF,Max,Max Clark,Clark,0.0,0.0,2000,DET@CWS,DET,CWS,,,0.0,,0.0,OF/UTIL
100355-198895,OF,Walker,Walker Jenkins,Jenkins,0.0,0.0,2000,MIN@KC,MIN,KC,DTD,Quadriceps,0.0,,0.0,OF/UTIL
100355-198892,OF,Josue,Josue De Paula,De Paula,0.0,0.0,2000,STL@LAD,LAD,STL,,,0.0,,0.0,OF/UTIL
100355-198914,SS,Roderick,Roderick Arias,Arias,0.0,0.0,2000,NYY@HOU,NYY,HOU,,,0.0,,0.0,SS/UTIL
100355-198935,OF,Victor,Victor Scott II,Scott II,0.0,0.0,2000,STL@LAD,STL,LAD,,,0.0,,0.0,OF/UTIL
100355-198932,1B,Xavier,Xavier Isaac,Isaac,0.0,0.0,2000,TOR@TB,TB,TOR,,,0.0,,0.0,C/1B/UTIL
100355-198937,OF,Bryce,Bryce Eldridge,Eldridge,0.0,0.0,2000,SF@SD,SF,SD,,,0.0,,0.0,OF/UTIL
100355-170321,C,Brian,Brian Serven,Serven,1.4090909090909092,11.0,2000,TOR@TB,TOR,TB,,,0.0,,0.0,C/1B/UTIL
100355-194908,SS,Tristan,Tristan Gray,Gray,10.850000381469728,2.0,2000,PIT@MIA,MIA,PIT,,,0.0,,0.0,SS/UTIL
100355-170471,OF,Oscar,Oscar Gonzalez,Gonzalez,5.0,54.0,2000,NYY@HOU,NYY,HOU,,,0.0,,0.0,OF/UTIL
100355-119305,OF,Kyle,Kyle Stowers,Stowers,1.2133333841959637,15.0,2000,LAA@BAL,BAL,LAA,,,0.0,,0.0,OF/UTIL
100355-119304,SS,Braden,Braden Shewmake,Shewmake,0.0,2.0,2000,DET@CWS,CWS,DET,,,0.0,,0.0,SS/UTIL
100355-119365,SS,Nasim,Nasim Nunez,Nunez,0.0,0.0,2000,WSH@CIN,WSH,CIN,,,0.0,,0.0,SS/UTIL
100355-119372,OF,Miguel,Miguel Vargas,Vargas,8.064197681568286,81.0,2000,STL@LAD,LAD,STL,,,0.0,,0.0,OF/UTIL
100355-119395,OF,Jasson,Jasson Dominguez,Dominguez,14.837499618530272,8.0,2000,NYY@HOU,NYY,HOU,IL,Elbow,0.0,,0.0,OF/UTIL
100355-119401,C,Rafael,Rafael Marchan,Marchan,0.0,0.0,2000,ATL@PHI,PHI,ATL,DTD,Back,0.0,,0.0,C/1B/UTIL
100355-119400,OF,Simon,Simon Muzziotti,Muzziotti,0.0,0.0,2000,ATL@PHI,PHI,ATL,,,0.0,,0.0,OF/UTIL
100355-119404,2B/3B,Nick,Nick Maton,Maton,6.040860083795363,93.0,2000,LAA@BAL,BAL,LAA,,,0.0,,0.0,2B/3B/UTIL
100355-17012,C,Curt,Curt Casali,Casali,3.34000015258789,40.0,2000,PIT@MIA,MIA,PIT,,,0.0,,0.0,C/1B/UTIL
100355-82563,2B/SS/OF,Garrett,Garrett Hampson,Hampson,5.41919191919192,99.0,2000,MIN@KC,KC,MIN,,,0.0,,0.0,2B/SS/OF/UTIL
100355-82566,3B,Tyler,Tyler Nevin,Nevin,5.00487797434737,41.0,2000,LAA@BAL,BAL,LAA,,,0.0,,0.0,3B/UTIL
100355-176777,OF,Cal,Cal Stevenson,Stevenson,2.033333301544189,6.0,2000,ATL@PHI,PHI,ATL,,,0.0,,0.0,OF/UTIL
100355-119445,C,Israel,Israel Pineda,Pineda,0.0,0.0,2000,WSH@CIN,WSH,CIN,,,0.0,,0.0,C/1B/UTIL
100355-164507,OF,Colton,Colton Cowser,Cowser,5.384615384615385,26.0,2000,LAA@BAL,BAL,LAA,,,0.0,,0.0,OF/UTIL
100355-164512,3B,Coby,Coby Mayo,Mayo,0.0,0.0,2000,LAA@BAL,BAL,LAA,,,0.0,,0.0,3B/UTIL
100355-17105,C,Sandy,Sandy Leon,Leon,2.581818147139116,22.0,2000,MIN@KC,KC,MIN,,,0.0,,0.0,C/1B/UTIL
100355-135900,C,Caleb,Caleb Hamilton,Hamilton,0.75,4.0,2000,LAA@BAL,LAA,BAL,,,0.0,,0.0,C/1B/UTIL
100355-13034,3B,Charlie,Charlie Culberson,Culberson,3.0,1.0,2000,ATL@PHI,ATL,PHI,,,0.0,,0.0,3B/UTIL
100355-17167,1B,Brad,Brad Miller,Miller,4.948148374204282,27.0,2000,SF@SD,SD,SF,,,0.0,,0.0,C/1B/UTIL
100355-170879,C,Chris,Chris Okey,Okey,0.0,2.0,2000,STL@LAD,LAD,STL,,,0.0,,0.0,C/1B/UTIL
100355-68533,OF,Brett,Brett Phillips,Phillips,3.8700000762939455,40.0,2000,DET@CWS,CWS,DET,,,0.0,,0.0,OF/UTIL
100355-13239,3B/2B,Eduardo,Eduardo Escobar,Escobar,5.739000244140625,100.0,2000,TOR@TB,TOR,TB,,,0.0,,0.0,2B/3B/UTIL
100355-68537,OF/2B/SS,Tyler,Tyler Wade,Wade,10.949999809265137,2.0,2000,SF@SD,SD,SF,,,0.0,,0.0,2B/SS/OF/UTIL
100355-52153,OF,David,David Dahl,Dahl,4.675000190734863,4.0,2000,ATL@PHI,PHI,ATL,,,0.0,,0.0,OF/UTIL
100355-68554,SS,Andrew,Andrew Velazquez,Velazquez,4.183333220305266,54.0,2000,ATL@PHI,ATL,PHI,,,0.0,,0.0,SS/UTIL
100355-189389,OF,Dane,Dane Myers,Myers,6.559091047807173,22.0,2000,PIT@MIA,MIA,PIT,,,0.0,,0.0,OF/UTIL
100355-171037,C,Jason,Jason Delay,Delay,5.0285714285714285,70.0,2000,PIT@MIA,PIT,MIA,,,0.0,,0.0,C/1B/UTIL
100355-21612,SS,Nick,Nick Ahmed,Ahmed,4.865277608235677,72.0,2000,SF@SD,SF,SD,,,0.0,,0.0,SS/UTIL
100355-13422,OF,Jake,Jake Marisnick,Marisnick,4.065217391304348,46.0,2000,LAA@BAL,LAA,BAL,,,0.0,,0.0,OF/UTIL
100355-171128,3B,Buddy,Buddy Kennedy,Kennedy,3.670000076293945,10.0,2000,DET@CWS,DET,CWS,,,0.0,,0.0,3B/UTIL
100355-13501,SS/2B,Chris,Chris Owings,Owings,1.0909090909090908,11.0,2000,STL@LAD,LAD,STL,,,0.0,,0.0,2B/SS/UTIL
100355-83143,OF,Oscar,Oscar Mercado,Mercado,3.904999923706055,20.0,2000,SF@SD,SD,SF,,,0.0,,0.0,OF/UTIL
100355-13535,SS/3B,Ehire,Ehire Adrianza,Adrianza,0.5,6.0,2000,LAA@BAL,LAA,BAL,,,0.0,,0.0,3B/SS/UTIL
100355-60641,OF/2B,Nick,Nick Gordon,Gordon,4.5911766501034,34.0,2000,PIT@MIA,MIA,PIT,,,0.0,,0.0,2B/OF/UTIL
100355-109803,C,Austin,Austin Nola,Nola,3.688461597149189,52.0,2000,MIN@KC,KC,MIN,,,0.0,,0.0,C/1B/UTIL
100355-83191,C,Austin,Austin Wynns,Wynns,4.258823469573376,51.0,2000,WSH@CIN,CIN,WSH,DTD,Shoulder,0.0,,0.0,C/1B/UTIL
100355-85254,C,Joey,Joey Bart,Bart,4.543333435058594,30.0,2000,SF@SD,SF,SD,DTD,Hamstring,0.0,,0.0,C/1B/UTIL
100355-79113,C,Francisco,Francisco Mejia,Mejia,6.625490076401654,51.0,2000,TOR@TB,TB,TOR,,,0.0,,0.0,C/1B/UTIL
100355-79112,3B/SS,Yu,Yu Chang,Chang,6.284999847412109,40.0,2000,TOR@TB,TB,TOR,O,Oblique,0.0,,0.0,3B/SS/UTIL
100355-79115,OF,Greg,Greg Allen,Allen,3.895454406738281,22.0,2000,NYY@HOU,NYY,HOU,,,0.0,,0.0,OF/UTIL
100355-197908,C,Pedro,Pedro Pages,Pages,0.0,0.0,2000,STL@LAD,STL,LAD,,,0.0,,0.0,C/1B/UTIL
100355-146715,C,Endy,Endy Rodriguez,Rodriguez,6.419298138534813,57.0,2000,PIT@MIA,PIT,MIA,IL,Elbow,0.0,,0.0,C/1B/UTIL
100355-197918,SS,Tsung-Che,Tsung-Che Cheng,Cheng,0.0,0.0,2000,PIT@MIA,PIT,MIA,,,0.0,,0.0,SS/UTIL
100355-79138,2B,Jonathan,Jonathan Arauz,Arauz,3.966666610152633,27.0,2000,STL@LAD,LAD,STL,,,0.0,,0.0,2B/UTIL
100355-146731,SS,Alika,Alika Williams,Williams,3.2260868238366167,46.0,2000,PIT@MIA,PIT,MIA,,,0.0,,0.0,SS/UTIL
100355-79153,2B/OF,Jahmai,Jahmai Jones,Jones,4.985714503696987,7.0,2000,NYY@HOU,NYY,HOU,,,0.0,,0.0,2B/OF/UTIL
100355-79170,OF,Willie,Willie Calhoun,Calhoun,7.072727550159801,44.0,2000,LAA@BAL,LAA,BAL,,,0.0,,0.0,OF/UTIL
100355-85320,C,Michael,Michael Perez,Perez,6.066666920979817,3.0,2000,LAA@BAL,BAL,LAA,,,0.0,,0.0,C/1B/UTIL
100355-197974,2B,Jace,Jace Jung,Jung,0.0,0.0,2000,DET@CWS,DET,CWS,,,0.0,,0.0,2B/UTIL
100355-197972,SS,Brooks,Brooks Lee,Lee,0.0,0.0,2000,MIN@KC,MIN,KC,DTD,Back,0.0,,0.0,SS/UTIL
100355-79190,C,Ben,Ben Rortvedt,Rortvedt,3.4749999046325684,32.0,2000,NYY@HOU,NYY,HOU,,,0.0,,0.0,C/1B/UTIL
100355-152972,2B/3B/SS,Luke,Luke Williams,Williams,2.7454546148126777,11.0,2000,ATL@PHI,ATL,PHI,,,0.0,,0.0,2B/3B/SS/UTIL
100355-181662,OF,Nathan,Nathan Lukes,Lukes,1.9241379047262257,29.0,2000,TOR@TB,TOR,TB,,,0.0,,0.0,OF/UTIL
100355-189866,3B,Trey,Trey Cabbage,Cabbage,4.704545454545454,22.0,2000,NYY@HOU,HOU,NYY,,,0.0,,0.0,3B/UTIL
100355-118189,C,Ali,Ali Sanchez,Sanchez,0.0,0.0,2000,PIT@MIA,PIT,MIA,,,0.0,,0.0,C/1B/UTIL
100355-118204,OF,Ryan,Ryan McKenna,McKenna,3.75955063037658,89.0,2000,LAA@BAL,BAL,LAA,,,0.0,,0.0,OF/UTIL
100355-118211,3B,Kevin,Kevin Padlo,Padlo,3.066666603088379,3.0,2000,STL@LAD,LAD,STL,,,0.0,,0.0,3B/UTIL
100355-13771,3B/2B/OF,Josh,Josh Harrison,Harrison,4.331707465939406,41.0,2000,WSH@CIN,CIN,WSH,,,0.0,,0.0,2B/3B/OF/UTIL
100355-171482,OF,Bligh,Bligh Madris,Madris,3.316666603088379,12.0,2000,DET@CWS,DET,CWS,,,0.0,,0.0,OF/UTIL
100355-173546,OF,Nate,Nate Eaton,Eaton,1.686206949168238,29.0,2000,MIN@KC,KC,MIN,,,0.0,,0.0,OF/UTIL
100355-161274,1B,Alfonso,Alfonso Rivas,Rivas,5.377083460489909,48.0,2000,STL@LAD,STL,LAD,,,0.0,,0.0,C/1B/UTIL
100355-187933,3B/2B/OF,Zach,Zach Remillard,Remillard,5.670370596426505,54.0,2000,DET@CWS,CWS,DET,,,0.0,,0.0,2B/3B/OF/UTIL
100355-175654,OF,Bryce,Bryce Johnson,Johnson,3.196666717529297,30.0,2000,SF@SD,SD,SF,,,0.0,,0.0,OF/UTIL
100355-181824,SS,Osleivis,Osleivis Basabe,Basabe,6.193548387096774,31.0,2000,TOR@TB,TB,TOR,,,0.0,,0.0,SS/UTIL
100355-81506,OF,Jordan,Jordan Luplow,Luplow,4.582051203801082,39.0,2000,ATL@PHI,PHI,ATL,,,0.0,,0.0,OF/UTIL
100355-52878,OF,Billy,Billy McKinney,McKinney,6.787499745686849,48.0,2000,PIT@MIA,PIT,MIA,,,0.0,,0.0,OF/UTIL
100355-81570,C,Cam,Cam Gallagher,Gallagher,2.3339285169328963,56.0,2000,ATL@PHI,PHI,ATL,,,0.0,,0.0,C/1B/UTIL
100355-165540,3B,Bryan,Bryan Ramos,Ramos,0.0,0.0,2000,DET@CWS,CWS,DET,,,0.0,,0.0,3B/UTIL
100355-165550,2B/3B/SS,Ryan,Ryan Kreidler,Kreidler,1.1272726925936611,11.0,2000,DET@CWS,DET,CWS,,,0.0,,0.0,2B/3B/SS/UTIL
100355-165661,OF,James,James Wood,Wood,0.0,0.0,2000,WSH@CIN,WSH,CIN,,,0.0,,0.0,OF/UTIL
100355-165686,3B/SS/2B,Casey,Casey Schmitt,Schmitt,5.628888956705729,90.0,2000,SF@SD,SF,SD,,,0.0,,0.0,2B/3B/SS/UTIL
100355-110404,3B,Mike,Mike Brosseau,Brosseau,4.76000010172526,30.0,2000,MIN@KC,KC,MIN,,,0.0,,0.0,3B/UTIL
100355-163661,SS,Eguy,Eguy Rosario,Rosario,0.0,1.0,2000,SF@SD,SD,SF,,,0.0,,0.0,SS/UTIL
100355-104273,C,Anthony,Anthony Bemboom,Bemboom,1.7142857142857142,7.0,2000,DET@CWS,DET,CWS,,,0.0,,0.0,C/1B/UTIL
100355-165730,C,Drew,Drew Millas,Millas,6.836363358931108,11.0,2000,WSH@CIN,WSH,CIN,,,0.0,,0.0,C/1B/UTIL
100355-163695,2B,Jorbit,Jorbit Vivas,Vivas,0.0,0.0,2000,NYY@HOU,NYY,HOU,DTD,Face,0.0,,0.0,2B/UTIL
100355-171923,1B,Darick,Darick Hall,Hall,3.43888897365994,18.0,2000,ATL@PHI,PHI,ATL,,,0.0,,0.0,C/1B/UTIL
100355-102309,OF,Michael,Michael Siani,Siani,1.524999976158142,8.0,2000,STL@LAD,STL,LAD,,,0.0,,0.0,OF/UTIL
100355-102317,SS,Terrin,Terrin Vavra,Vavra,3.6892858232770647,28.0,2000,LAA@BAL,BAL,LAA,DTD,Shoulder,0.0,,0.0,SS/UTIL
100355-102320,OF,Luis,Luis Gonzalez,Gonzalez,0.0,0.0,2000,NYY@HOU,NYY,HOU,,,0.0,,0.0,OF/UTIL
100355-102326,1B,Kody,Kody Clemens,Clemens,5.581632653061225,49.0,2000,ATL@PHI,PHI,ATL,,,0.0,,0.0,C/1B/UTIL
100355-163772,C,Brett,Brett Sullivan,Sullivan,3.7696970159357246,33.0,2000,SF@SD,SD,SF,,,0.0,,0.0,C/1B/UTIL
100355-102347,SS,Livan,Livan Soto,Soto,5.349999904632568,4.0,2000,LAA@BAL,LAA,BAL,,,0.0,,0.0,SS/UTIL
100355-102356,OF,Gilberto,Gilberto Celestino,Celestino,0.0,0.0,2000,PIT@MIA,PIT,MIA,,,0.0,,0.0,OF/UTIL
